Name,MA5,MA20,MA50,MA100,MA150,MA200
S&P 500 Index,70,54,35,39,49,48
S&P 500 Consumer Discretionary,77,51,26,36,38,34
S&P 500 Consumer Staples,88,67,30,33,42,42
S&P 500 Energy,95,81,71,62,57,71
S&P 500 Financials,71,38,20,30,51,49
S&P 500 Health Care,75,60,57,72,77,75
S&P 500 Industrials,57,48,24,30,42,42
S&P 500 Information Technology,55,69,69,62,76,73
S&P 500 Materials,58,31,19,27,35,31
S&P 500 Real Estate,83,37,10,7,10,20
S&P 500 Comm Services,43,38,29,29,48,33
S&P 500 Utilities,97,90,16,10,10,10
