Industry,Perf_1M
Semi Analog & Mixed,25.78
Retail - Apparel & Shoes,14.97
Transportation - Services,14.10
Transportation - Ship,13.60
Consumer Prdts - Misc Discr,12.50
Communications Components,11.65
Leisure & Recreation Services,10.74
Business Services,10.64
Shoes and Related Apparel,10.46
Internet - Software,10.40
Textile - Apparel,9.76
Containers - Paper Products,9.69
Internet - Content,9.62
Advertising Marketing Services,8.63
Schools,7.92
Computer - Software,7.62
Oil - Refining and Marketing,7.13
Beverages - Soft,6.97
Financial Transaction Services,6.74
Indices S&P 100,6.38
Indices S&P 500 Health Care,6.32
Hotels & Motels,6.14
ETFS - Technology,5.98
ETFS - Energy,5.65
Consulting,5.44
Consumer Prdts - Misc Staple,5.42
Retail - Home Furniture,5.25
Business Information,4.90
Transportation - Airline,4.55
Electronics - Misc Components,4.35
Beverages - Alcohol,4.30
Industrial Services,3.91
Internet Software Services,3.26
Indices S&P 500 Telcomm,3.07
Electronics - Semiconductors,2.59
ETFS - Consumer Discretion,2.53
Media Conglomerates,2.47
Staffing,2.34
Indices S&P 500 Growth,2.11
Indices S&P 500 Consumer Discret,2.10
Retail - Misc & Diversified,1.86
Indices S&P 500 Information Tech,1.84
Finance - Sbic & Commercial,1.56
Building - Residential & Comm,1.43
Building Products - Wood,1.35
Machinery - Electrical,1.10
Medical Services,0.96
Chemical - Specialty,0.93
Internet - Services,0.90
Indices S&P 500 Industrials,0.83
Internet Commerce,0.69
Machinery - General Industrial,0.65
ETFS - Large Cap,0.60
Retail - Restaurants,0.46
Indices S&P 500 Consumer Staples,0.36
Indices S&P 500,0.15
Oil - US Royalty Trusts,0.10
Indices S&P 500 Value,-0.09
Sectors Bottom 100 Stocks,-0.11
IT Services,-0.11
Medical Information Systems,-0.31
Conglomerates - Div Operations,-0.40
Indices S&P 400,-0.47
Indices S&P 500 ESG,-0.48
Finance - Investment Mgmt,-0.50
Diversified Comm Services,-0.57
Indices S&P 600,-0.60
Indices Industrials,-0.68
Auto - Foreign,-0.76
Gaming,-0.80
REIT - Equity Trust Other,-0.85
Medical Instruments,-0.89
Indices Russell 1000,-0.95
Indices S&P 500 Energies,-1.01
Medical - Dental Suppliers,-1.15
ETFS - Mid Cap,-1.60
Banks - Northeast,-1.67
ETFS - Currency,-1.67
ETFS - Managed ETFS,-1.74
Medical Products,-1.97
Banks - Southwest,-2.05
Indices Nasdaq Composite,-2.07
ETFS - Emerging Markets,-2.26
ETFS - Bonds,-2.39
ETFS - Mixed Asset,-2.42
Protection - Safety,-2.44
Insurance - Brokers,-2.46
ETFS - Multi Cap,-2.58
Metal Production & Fabrication,-2.58
ETFS - Asia,-2.64
ETFS - Income,-2.66
Food - Misc & Diversified,-2.67
ETFS - Non-Taxable Bonds,-2.96
ETFS - Taxable Bonds,-3.03
Insurance - Multi Line,-3.03
Medical - Outpatient & Hm Care,-3.07
Indices S&P 500 Real Estate,-3.08
Finance - Misc Services,-3.28
Indices Russell 3000,-3.31
ETFS - Industrials,-3.43
Banks - West,-3.52
Indices Nasdaq 100,-3.60
Banks - Midwest,-3.71
ETFS - Commodities General,-3.71
Insurance - Life,-3.82
Banks - Southeast,-3.88
ETFS - Small Cap,-3.95
Finance - Savings & Loan,-4.00
Technology Services,-4.16
REIT - Equity Trust Resident,-4.23
Leisure & Recreational Prdcts,-4.34
Oil - US Integrated,-4.37
Insurance - Proprty & Casualty,-4.47
Auto - Truck Original Parts,-4.48
Indices S&P 500 Financials,-4.77
Building & Construction - Misc,-4.87
Oil - US Exploration & Product,-4.90
ETFS - International,-4.98
ETFS - Financial Services,-5.09
ETFS - Real Estate,-5.17
Indices Russell 2000,-5.35
Agriculture Operations,-5.40
Chemical - Diversified,-5.40
Wireless Equipment,-5.56
REIT - Equity Trust Retail,-5.61
Real Estate Operations,-5.99
Indices S&P 500 Materials,-5.99
Auto - Domestic,-6.16
ETFS - Utilities,-6.33
Aerospace - Defense,-6.43
Real Estate Developers,-6.54
Indices S&P 500 Utilities,-6.58
Finance - Mortgage & Rel Svs,-6.98
Finance - Investment Funds,-7.17
Banks - Foreign,-7.39
Utility - Electric Power,-7.47
Finance - Investment Brokers,-7.52
Sectors Top 100 Stocks,-7.59
Steel - Producers,-7.61
ETFS - Natural Resources,-7.68
Utility - Water Supply,-7.71
Waste Removal Svcs,-7.77
Transportation - Truck,-7.81
Electronics Products - Misc,-7.96
Aerospace - Defense Equipment,-8.05
Utility - Gas Distribution,-8.25
Solar,-8.33
ETFS - Biotech,-8.47
Oil - Production & Pipeline,-8.52
ETFS - Europe,-8.69
ETFS - Power,-8.81
Finance - Consumer Loans,-9.25
Transportation - Equip & Lease,-9.38
Broadcast - Radio & TV,-9.47
Retail - Wsale Auto & Trucks,-9.79
Engineering & R&D Services,-10.45
ETFS - Commodities,-12.52
Wireless National,-12.64
Other Alt Energy,-13.36
REIT - Mortgage Trusts,-15.15
Medical - Generic Drugs,-16.13
Oil - International Integrated,-16.20
Computer - Integrated Systems,-17.22
Medical - Drugs,-17.38
Oil Field Machinery & Equip,-17.53
ETFS - Materials,-17.82
Medical - Biomedical,-20.57
ETFS - Metals,-21.20
Mining - Gold,-21.56
ETFS - Precious Metals,-22.58
Oil - Field Services,-24.74
Mining - Misc,-31.12
Mining - Silver,-39.68
