Time,Open,High,Low,Latest,Change,%Change,Volume
2026-10-09,628.52,632.81,626.49,629.99,4.04,+0.65%,67968820
2026-10-08,620.49,626.42,619.66,625.95,2.88,+0.46%,98682455
2026-10-07,626.16,626.4,622.11,623.07,-9.68,-1.53%,76419090
2026-10-06,630.59,635.66,628.18,632.75,4.07,+0.65%,67671841
2026-10-05,621.34,632.22,617,628.68,7.58,+1.22%,274924949
2026-10-02,619.5,626.28,618.68,621.1,6.16,+1.00%,162780047
2026-10-01,588.48,615.88,587.1,614.94,-2.79,-0.45%,191700277
2026-09-30,624.87,628.19,617.7,617.73,-5.13,-0.82%,93625498
2026-09-29,626.14,628.09,620.82,622.86,-3.42,-0.55%,77934838
2026-09-28,621.64,629.42,619.24,626.28,-4.66,-0.74%,79524858
2026-09-25,628.78,632.55,626.33,630.94,1.84,+0.29%,71174558
2026-09-24,634.47,634.47,627.42,629.1,-6.43,-1.01%,79660197
2026-09-23,633.59,638.29,632.35,635.53,-4.15,-0.65%,73172085
2026-09-22,631.25,641.12,630.33,639.68,11.91,+1.90%,77157444
2026-09-21,633.16,633.16,626.26,627.77,-1.22,-0.19%,81219408
2026-09-18,631.28,631.28,626.59,628.99,-6.99,-1.10%,153749371
2026-09-17,639.37,639.61,633.9,635.98,3.89,+0.62%,77908197
2026-09-16,639.05,641.09,626.14,632.09,-4.63,-0.73%,86158555
2026-09-15,634.47,636.75,630.5,636.72,2.35,+0.37%,79653996
2026-09-14,635.03,637.27,632.12,634.37,-6.62,-1.03%,80846827
2026-09-11,641.96,643.73,640,640.99,3.21,+0.50%,78049866
2026-09-10,637.01,640.16,635.57,637.78,-9.57,-1.48%,87973727
2026-09-09,653.45,655.56,647.35,647.35,-5.53,-0.85%,75953496
2026-09-08,657.21,660.79,652.85,652.88,-5.97,-0.91%,93436986
2026-09-04,655.42,661.33,653.16,658.85,-2.76,-0.42%,70066871
2026-09-03,670.97,671.58,657.16,661.61,-3.08,-0.46%,74008935
2026-09-02,657.67,667.92,657.67,664.69,10.02,+1.53%,86715631
2026-09-01,657.97,659.98,653.94,654.67,-9.04,-1.36%,86704392
2026-08-31,668.65,669.62,661.92,663.71,-5.65,-0.84%,105957904
2026-08-28,675.58,676.61,666.04,669.36,-2.04,-0.30%,70986639
2026-08-27,671.25,674.47,669.27,671.4,-4.79,-0.71%,74191636
2026-08-26,676.55,681.64,675.52,676.19,-0.16,-0.02%,81184223
2026-08-25,672.78,676.95,667.98,676.35,2.39,+0.35%,76677629
2026-08-24,676.75,679.98,669.54,673.96,2.01,+0.30%,91608765
2026-08-21,666.45,673.89,664.94,671.95,14.45,+2.20%,106904329
2026-08-20,653.14,665.25,653.14,657.5,-0.61,-0.09%,100022161
2026-08-19,657.32,665.29,654.77,658.11,10.79,+1.67%,85300021
2026-08-18,653.08,653.61,647.18,647.32,-6.03,-0.92%,70208435
2026-08-17,654.86,655.44,651.71,653.35,-3.3,-0.50%,72861885
2026-08-14,654.59,657.82,653.33,656.65,3.14,+0.48%,60918507
2026-08-13,657.65,658.45,652.3,653.51,-4.84,-0.74%,71747478
2026-08-12,667.19,667.19,657.75,658.35,-7.96,-1.19%,73242701
2026-08-11,665.45,671.39,663.9,666.31,-0.59,-0.09%,75723923
2026-08-10,661.88,667.02,659.33,666.9,4.5,+0.68%,75643755
2026-08-07,656.04,662.98,654.42,662.4,9.92,+1.52%,76413714
2026-08-06,657.83,658.34,650.65,652.48,-5.17,-0.79%,90229975
2026-08-05,655.91,661.53,655.68,657.65,9.96,+1.54%,103603123
2026-08-04,640.08,648.39,636.96,647.69,12.66,+1.99%,88533446
2026-08-03,631.16,635.2,626.31,635.03,7.81,+1.25%,86723273
2026-07-31,634.17,634.17,623.87,627.22,-17.46,-2.71%,122581467
2026-07-30,648.17,649.82,638.99,644.68,1.38,+0.21%,93767580
2026-07-29,648.52,648.52,637.68,643.3,-7.16,-1.10%,107972447
2026-07-28,645.22,656,644.44,650.46,10.61,+1.66%,107077281
2026-07-27,642.27,642.92,636.28,639.85,1.66,+0.26%,91858410
2026-07-24,628.69,638.38,627.26,638.19,9.06,+1.44%,92675556
2026-07-23,629.52,636.63,626.92,629.13,-6.27,-0.99%,100269761
2026-07-22,630.99,636.76,630.27,635.4,9.08,+1.45%,88831369
2026-07-21,630.89,630.89,623.08,626.32,1.9,+0.30%,78350784
2026-07-20,631.33,632.13,623.4,624.42,-5.95,-0.94%,79857304
2026-07-17,632.79,641.43,629.14,630.37,-5.5,-0.86%,90809435
2026-07-16,630.19,636.61,629.97,635.87,2.95,+0.47%,80720475
2026-07-15,635.46,637.56,628.41,632.92,-2.63,-0.41%,81738219
2026-07-14,642.59,645.83,634.75,635.55,1.61,+0.25%,77883219
2026-07-13,639.54,643.16,631.42,633.94,-5.08,-0.79%,83213308
2026-07-10,634.44,641.73,632.88,639.02,7.06,+1.12%,65818672
2026-07-09,632.48,634.74,629.26,631.96,2.07,+0.33%,81562931
2026-07-08,637.55,637.55,626.02,629.89,-16.11,-2.49%,106440281
2026-07-07,652.34,653.94,643.44,646,-6.37,-0.98%,92991354
2026-07-06,652.67,653.94,644.52,652.37,-1.16,-0.18%,80993024
2026-07-02,645.28,653.53,644.8,653.53,13.34,+2.08%,89466665
2026-07-01,637.19,646.53,633.22,640.19,2.11,+0.33%,100230273
2026-06-30,640.49,642.06,635.43,638.08,3.47,+0.55%,108212673
2026-06-29,641.68,642.47,630.32,634.61,-12.02,-1.86%,98509771
2026-06-26,645.3,649.58,643.25,646.63,-1.84,-0.28%,128770246
2026-06-25,643.78,652.84,642.51,648.47,8.91,+1.39%,102781800
2026-06-24,636.61,644.37,636.38,639.56,2.11,+0.33%,126460121
2026-06-23,640.41,645.07,636.58,637.45,-10.36,-1.60%,104430683
2026-06-22,640.69,649.83,640.69,647.81,0.43,+0.07%,107094305
2026-06-18,651.12,655.25,647.13,647.38,-2.45,-0.38%,192657077
2026-06-17,656.19,666.05,647.82,649.83,-8.91,-1.35%,103996520
2026-06-16,658.07,662.39,657.06,658.74,3.33,+0.51%,88618594
2026-06-15,660.56,663.26,655.09,655.41,5.45,+0.84%,118725050
2026-06-12,646.19,652.07,641.93,649.96,11.69,+1.83%,106275310
2026-06-11,623.97,639.85,623.74,638.27,20.15,+3.26%,116757432
2026-06-10,631,634.62,617.8,618.12,-15.53,-2.45%,109199089
2026-06-09,630.67,634.35,622.54,633.65,10.7,+1.72%,111481119
2026-06-08,631.14,633.21,622.59,622.95,-8.08,-1.28%,82496656
2026-06-05,640.53,644.15,629.67,631.03,-13.14,-2.04%,93938121
2026-06-04,646.7,651.58,642.16,644.17,0.06,+0.01%,82415501
2026-06-03,640.74,649.19,639.3,644.11,1.53,+0.24%,84447180
2026-06-02,634.51,644.26,634.28,642.58,7.36,+1.16%,87344590
2026-06-01,631.58,636.76,625.19,635.22,-3.73,-0.58%,88163448
2026-05-29,639.64,644.03,638.34,638.95,-2.43,-0.38%,147120976
2026-05-28,636.71,642.82,631.96,641.38,1.56,+0.24%,90455060
2026-05-27,639.09,643.05,639.09,639.82,-0.07,-0.01%,98750061
2026-05-26,636.97,641.74,635.68,639.89,8.54,+1.35%,87250242
2026-05-22,632,634.28,627.95,631.35,2.22,+0.35%,72941567
2026-05-21,623.08,632.14,617.47,629.13,4.59,+0.73%,89213370
2026-05-20,615.85,625.35,613.88,624.54,8.58,+1.39%,111718860
2026-05-19,624.02,624.03,614.51,615.96,-14.34,-2.28%,95699852
2026-05-18,631.24,637.07,629.24,630.3,-0.89,-0.14%,89985079
2026-05-15,639.61,639.86,630.78,631.19,-17.81,-2.74%,101840613
2026-05-14,655.83,655.83,647.9,649,-5.21,-0.80%,78774503
2026-05-13,654.52,658.91,652.79,654.21,-0.02,0.00%,95604177
2026-05-12,652.14,655.8,645.24,654.23,-0.95,-0.14%,88645363
2026-05-11,648.97,656.95,648.97,655.18,9.26,+1.43%,99416203
2026-05-08,648.04,649.23,644.6,645.92,2.9,+0.45%,88462630
2026-05-07,659.21,659.98,642.72,643.02,-11.95,-1.82%,118174926
2026-05-06,652.21,657.85,651.39,654.97,12.1,+1.88%,129640514
2026-05-05,637.5,645.96,635.07,642.87,10.57,+1.67%,92871405
2026-05-04,640.25,640.25,630.88,632.3,-10.06,-1.57%,98663031
2026-05-01,647.2,649.74,642.35,642.36,-2.06,-0.32%,94407294
2026-04-30,639.04,647.58,637.61,644.42,6.73,+1.06%,138667006
2026-04-29,643.46,644.28,636.82,637.69,-7.11,-1.10%,94771371
2026-04-28,652.43,652.66,641.26,644.8,-6.99,-1.07%,104035522
2026-04-27,655.56,656.86,650.23,651.79,-3.37,-0.51%,98659971
2026-04-24,652.17,655.64,645.73,655.16,4.01,+0.62%,98271755
2026-04-23,648.15,651.39,644.28,651.15,-1.42,-0.22%,129786225
2026-04-22,657.42,658.94,650.66,652.57,2.17,+0.33%,91435425
2026-04-21,658.82,661.44,648.75,650.4,-8.1,-1.23%,90669456
2026-04-20,653.5,660.27,652.16,658.5,3.7,+0.57%,89311843
2026-04-17,651,660.53,648.91,654.8,3.14,+0.48%,149209323
2026-04-16,650.07,654.64,649.33,651.66,3.53,+0.54%,94714940
2026-04-15,653.87,653.87,646.22,648.13,-8.51,-1.30%,90655112
2026-04-14,657.39,658.62,653.21,656.64,-2.18,-0.33%,90887884
2026-04-13,654.94,659.53,652.01,658.82,1.47,+0.22%,93151011
2026-04-10,658.11,660.3,655.94,657.35,4.18,+0.64%,83578957
2026-04-09,650.15,656.05,649.67,653.17,0.68,+0.10%,101060683
2026-04-08,643.53,652.6,640.8,652.49,21.35,+3.38%,140882915
2026-04-07,632.21,633.2,625.62,631.14,-1.66,-0.26%,96997418
2026-04-06,632.52,634.79,628.59,632.8,-2.26,-0.36%,72587548
2026-04-02,628.84,640.72,627.42,635.06,-0.02,0.00%,105313531
2026-04-01,631.7,637,630.59,635.08,7.26,+1.16%,136804117
2026-03-31,621.69,630.58,619.05,627.82,11.41,+1.85%,143720197
2026-03-30,622.84,624.65,614.5,616.41,2.16,+0.35%,118380155
2026-03-27,614.8,618.52,612.33,614.25,-1.96,-0.32%,104555581
2026-03-26,615.84,624.1,615.24,616.21,-4.11,-0.66%,100832886
2026-03-25,617.19,620.88,611.44,620.32,11.97,+1.97%,105101897
2026-03-24,594.34,612.54,593.79,608.35,9.97,+1.67%,130916418
2026-03-23,598.27,605.91,596.09,598.38,8.79,+1.49%,154987193
2026-03-20,599.89,601,586.04,589.59,-9.18,-1.53%,274862773
2026-03-19,595.36,601.18,591.07,598.77,-9.4,-1.55%,158605619
2026-03-18,616.27,617.48,608.01,608.17,-14.,-2.25%,120524133
2026-03-17,625.15,627.66,621.62,622.17,1.09,+0.18%,96247146
2026-03-16,621.29,625.02,616.96,621.08,3.54,+0.57%,110596556
2026-03-13,628.2,629.25,615.16,617.54,-6.51,-1.04%,140756741
2026-03-12,624.5,630.03,623.34,624.05,-2.28,-0.36%,168742248
2026-03-11,624.31,626.38,619.2,626.33,-2.06,-0.33%,108677447
2026-03-10,629.49,635.17,625.22,628.39,-0.91,-0.14%,126760299
2026-03-09,618.4,630.97,610.73,629.3,1.95,+0.31%,170851702
2026-03-06,631.67,631.81,621.76,627.35,-12.11,-1.89%,142870150
2026-03-05,648.85,650.95,635.06,639.46,-14.84,-2.27%,150373504
2026-03-04,657.95,659.33,651.79,654.3,-0.43,-0.07%,107158061
2026-03-03,653.08,656.03,638.77,654.73,-18.1,-2.69%,125288249
2026-03-02,670.98,674.48,663.8,672.83,-2.86,-0.42%,108958808
2026-02-27,668.8,676.69,666.96,675.69,5.35,+0.80%,123667780
2026-02-26,669.06,671.31,662.07,670.34,-0.63,-0.09%,96245508
2026-02-25,676.3,677.36,666.66,670.97,-2.92,-0.43%,110714400
2026-02-24,667.22,674.98,666.84,673.89,5.31,+0.79%,100431448
2026-02-23,663.51,670.34,661.23,668.58,1.28,+0.19%,101707975
2026-02-20,662.98,670.47,659.16,667.3,1.74,+0.26%,122072692
2026-02-19,662.02,668.6,660.23,665.56,-1.38,-0.21%,98364829
2026-02-18,666.07,670.64,663.42,666.94,5.12,+0.77%,99292289
2026-02-17,661.81,665.13,653.99,661.82,-7.77,-1.16%,94522864
2026-02-13,660.3,673.99,658.4,669.59,7.31,+1.10%,101072807
2026-02-12,672.61,677.98,661.55,662.28,-10.02,-1.49%,141399177
2026-02-11,667.3,672.62,666.42,672.3,8.61,+1.30%,130130315
2026-02-10,654.61,665.09,654.51,663.69,8.45,+1.29%,101763832
2026-02-09,645.01,656.55,644.17,655.24,9.31,+1.44%,94305807
2026-02-06,639.21,646.72,639.21,645.93,11.24,+1.77%,104158368
2026-02-05,647.43,647.43,633.53,634.69,-17.96,-2.75%,135254223
2026-02-04,647.09,654.48,646.72,652.65,11.57,+1.80%,169474982
2026-02-03,635.38,647.5,634.62,641.08,12.58,+2.00%,156847649
2026-02-02,623.36,630.28,623.36,628.5,4.44,+0.71%,128404421
2026-01-30,625.68,629.15,617.96,624.06,-11.73,-1.84%,172616284
2026-01-29,641.68,643.95,626.11,635.79,0.9,+0.14%,176256077
2026-01-28,636.46,636.9,629.16,634.89,1.11,+0.18%,124172309
2026-01-27,631.98,635.64,630.36,633.78,0.24,+0.04%,101383508
2026-01-26,638.06,639.23,633.51,633.54,1.86,+0.29%,117354731
2026-01-23,626.25,631.86,624.62,631.68,5.38,+0.86%,128832071
2026-01-22,624.49,629.98,623.26,626.3,3.84,+0.62%,119014169
2026-01-21,617.66,624.05,615.82,622.46,11.41,+1.87%,125752675
2026-01-20,612.32,614.21,608.43,611.05,-4.8,-0.78%,113800366
2026-01-16,614.16,616.23,611.34,615.85,-2.73,-0.44%,122940938
2026-01-15,618.11,620.71,615.35,618.58,2.04,+0.33%,101305458
2026-01-14,619.3,621.55,614.92,616.54,-1.09,-0.18%,152752738
2026-01-13,617.06,617.88,613.26,617.63,1.8,+0.29%,117610931
2026-01-12,612.94,616.78,611.48,615.83,4.5,+0.74%,111262848
2026-01-09,601.96,611.55,601.96,611.33,10.83,+1.80%,108113181
2026-01-08,588.02,601.46,587.11,600.5,8.15,+1.38%,133460496
2026-01-07,600.27,601.81,591.93,592.35,-9.84,-1.63%,122199287
2026-01-06,591.96,603.95,591.8,602.19,12.03,+2.04%,143001817
2026-01-05,582.52,591.54,582.16,590.16,7.06,+1.21%,131340567
2026-01-02,576.6,583.94,573.66,583.1,8.69,+1.51%,97391316
2025-12-31,578.11,578.58,574.36,574.41,-5.08,-0.88%,64992010
2025-12-30,579.73,580.99,577.66,579.49,0.14,+0.02%,68817714
2025-12-29,579.54,581.04,576.71,579.35,-5.63,-0.96%,94518331
2025-12-26,582.65,585.23,582.06,584.98,3.43,+0.59%,64956012
2025-12-24,579.91,582.01,578.5,581.55,1.08,+0.19%,39004227
2025-12-23,580.53,580.79,577.43,580.47,1.34,+0.23%,87425020
2025-12-22,575.07,579.97,574.78,579.13,7.73,+1.35%,102488092
2025-12-19,568.21,573.58,567.68,571.4,2.59,+0.46%,256343858
2025-12-18,570.39,574.88,568.59,568.81,-0.68,-0.12%,110879873
2025-12-17,566.66,571.74,566.55,569.49,2.45,+0.43%,117761032
2025-12-16,568.67,569.16,563.44,567.04,-1.25,-0.22%,126750581
2025-12-15,571.05,571.19,565.34,568.29,0.22,+0.04%,130478812
2025-12-12,571.59,573.32,565.53,568.07,1.06,+0.19%,117517580
2025-12-11,557.05,567.68,556.91,567.01,12.35,+2.23%,128897223
2025-12-10,544.53,555.91,544.53,554.66,9.67,+1.77%,127802653
2025-12-09,545.66,550.3,544.84,544.99,-0.33,-0.06%,103215292
2025-12-08,553.86,553.86,544.93,545.32,-9.23,-1.66%,116132072
2025-12-05,558,561.41,554.28,554.55,-2.18,-0.39%,114809584
2025-12-04,557.57,559.06,555.15,556.73,-2.66,-0.48%,105672534
2025-12-03,558.84,561.92,557.99,559.39,2.86,+0.51%,120334561
2025-12-02,561.99,561.99,553.26,556.53,-4.63,-0.83%,104019692
2025-12-01,561.81,566.14,560.88,561.16,-1.94,-0.34%,110324409
2025-11-28,561.39,565.4,560.01,563.1,2.88,+0.51%,58294383
2025-11-26,554.07,561.65,553.76,560.22,6.68,+1.21%,96531613
2025-11-25,550.37,554.81,548.88,553.54,6.69,+1.22%,132285041
2025-11-24,544.93,547.93,542.97,546.85,1.52,+0.28%,166088974
2025-11-21,534.58,548.86,534.58,545.33,11.19,+2.09%,149342417
2025-11-20,545.54,548.55,533.97,534.14,-8.79,-1.62%,135105211
2025-11-19,542.45,544.96,539.35,542.93,2.48,+0.46%,116122590
2025-11-18,540.51,544.35,538.13,540.45,0.03,+0.01%,130759867
2025-11-17,547.49,548.73,539.73,540.42,-8.41,-1.53%,126031072
2025-11-14,550.04,553.35,548.43,548.83,-6.55,-1.18%,111760356
2025-11-13,558.45,560.57,554.78,555.38,-4.19,-0.75%,130341623
2025-11-12,557.1,562.72,556.16,559.57,4.21,+0.76%,106071766
2025-11-11,552.73,556.37,550.7,555.36,5.88,+1.07%,106386233
2025-11-10,546.33,550.62,543.49,549.48,5.7,+1.05%,127659774
2025-11-07,537.29,544.56,536.34,543.78,6.87,+1.28%,142185022
2025-11-06,540.26,543.45,536.54,536.91,-2.18,-0.40%,178746012
2025-11-05,538.46,541.33,537.26,539.09,2.89,+0.54%,178267484
2025-11-04,535,538.26,532.28,536.2,-2.37,-0.44%,167553403
2025-11-03,529.22,539.25,526.47,538.57,-3.03,-0.56%,212668471
2025-10-31,542.99,544.53,538.21,541.6,-4.68,-0.86%,162676079
2025-10-30,547.06,551.21,545.78,546.28,-5.54,-1.00%,149053913
2025-10-29,560.24,560.56,550.74,551.82,-10.03,-1.79%,158722620
2025-10-28,562.05,564.7,560.6,561.85,0.78,+0.14%,122714358
2025-10-27,561.42,563.92,558.96,561.07,-1.43,-0.25%,129701433
2025-10-24,563.72,566.64,562.19,562.5,-3.45,-0.61%,109117154
2025-10-23,564.07,567.39,562.36,565.95,5.47,+0.98%,134137321
2025-10-22,558.96,563.06,558.35,560.48,-1.75,-0.31%,109482255
2025-10-21,560.38,564.04,558.88,562.23,-3.96,-0.70%,101960232
2025-10-20,563.39,566.5,562.74,566.19,6.95,+1.24%,92142974
2025-10-17,559.48,562.63,556.24,559.24,-1.98,-0.35%,114974479
2025-10-16,566.43,566.76,558.25,561.22,-3.14,-0.56%,124759723
2025-10-15,569.29,572.63,561.85,564.36,-2.79,-0.49%,93188915
2025-10-14,556.12,569.86,556.12,567.15,4.89,+0.87%,108610206
2025-10-13,559.95,565.48,559.85,562.26,8.71,+1.57%,103411524
2025-10-10,565.44,566.37,553.51,553.55,-10.28,-1.82%,141392486
2025-10-09,574.77,575.62,562.32,563.83,-8.71,-1.52%,117591356
2025-10-08,571.89,574.58,570.19,572.54,2.97,+0.52%,101538206
2025-10-07,572.46,574.14,567.47,569.57,-1.64,-0.29%,112063538
2025-10-06,571.3,574.3,570.37,571.21,0.07,+0.01%,109106524
2025-10-03,569.19,573.68,568.99,571.14,1.15,+0.20%,94305743
2025-10-02,563.38,569.99,562.94,569.99,5.95,+1.05%,124027665
2025-10-01,569.2,570.58,562.06,564.04,-6.67,-1.17%,114311549
2025-09-30,566.24,570.86,565.59,570.71,3.11,+0.55%,141670113
2025-09-29,569.09,569.09,564.72,567.6,2.43,+0.43%,132041731
2025-09-26,560.64,566.13,560.41,565.17,5.86,+1.05%,128195936
2025-09-25,563.96,564.22,558.54,559.31,-6.84,-1.21%,202612793
2025-09-24,571.81,574.15,565.87,566.15,-9.14,-1.59%,187004513
2025-09-23,578.17,582.3,574.77,575.29,-1.55,-0.27%,119380052
2025-09-22,576.3,578.65,574.11,576.84,0.02,0.00%,108749201
2025-09-19,576.6,578.74,574.91,576.82,1.25,+0.22%,241765276
2025-09-18,574.5,577.68,571.71,575.57,-0.81,-0.14%,107400196
2025-09-17,574.66,584.8,572.71,576.38,2.09,+0.36%,106405941
2025-09-16,577.55,579.12,572.93,574.29,-3.06,-0.53%,105073654
2025-09-15,582.4,582.41,576.45,577.35,-4.77,-0.82%,117235636
2025-09-12,584.63,586.93,580.97,582.12,-5.67,-0.96%,95027056
2025-09-11,574.94,588.41,574.94,587.79,12.29,+2.14%,121965193
2025-09-10,573.92,578.4,573.28,575.5,1.33,+0.23%,103171125
2025-09-09,581.02,581.73,572.57,574.17,-9.18,-1.57%,116219739
2025-09-08,582.1,583.56,576.99,583.35,1.35,+0.23%,105716277
2025-09-05,580.52,586.69,578.78,582,3.05,+0.53%,100320027
2025-09-04,576.46,579.21,572.67,578.95,1.32,+0.23%,98088014
2025-09-03,580,580.86,576.16,577.63,-3.08,-0.53%,95407654
2025-09-02,579.48,581.13,576.55,580.71,-3.47,-0.59%,108943655
2025-08-29,584.1,586.91,583.09,584.18,0.09,+0.02%,78711796
2025-08-28,585.6,585.63,580.56,584.09,0.04,+0.01%,90041610
2025-08-27,580.37,584.74,580.16,584.05,1.11,+0.19%,92049197
2025-08-26,578.78,583.3,578.36,582.94,2.4,+0.41%,106604506
2025-08-25,583.16,584.47,579.67,580.54,-3.65,-0.62%,92761297
2025-08-22,576.22,586.89,576.22,584.19,9.78,+1.70%,108087929
2025-08-21,570.6,575.41,570.55,574.41,1.51,+0.26%,96478222
2025-08-20,572.12,575.94,571.21,572.9,1.09,+0.19%,89187029
2025-08-19,570.16,574.41,569.65,571.81,3.04,+0.53%,100347862
2025-08-18,571.44,572.59,568.16,568.77,-3.3,-0.58%,106699811
2025-08-15,574.43,574.75,570.56,572.07,-0.12,-0.02%,134004330
2025-08-14,572.45,572.84,567.92,572.19,-4.66,-0.81%,165549928
2025-08-13,570.69,576.99,568.83,576.85,9.58,+1.69%,114140591
2025-08-12,561.61,567.71,561.54,567.27,6.4,+1.14%,114475951
2025-08-11,561.64,564.06,557.92,560.87,-1.33,-0.24%,119043774
2025-08-08,560.98,563.9,559.81,562.2,3.03,+0.54%,100252915
2025-08-07,562.21,562.88,556.13,559.17,2.19,+0.39%,123097986
2025-08-06,561.77,562.07,556.97,556.98,-4.43,-0.79%,138281501
2025-08-05,559.14,562.27,556.6,561.41,4.47,+0.80%,119290776
2025-08-04,551.29,557.13,550.99,556.94,7.82,+1.42%,114633634
2025-08-01,551.09,551.09,543.78,549.12,-4.16,-0.75%,149198307
2025-07-31,552.94,559.59,552.66,553.28,-5.55,-0.99%,176403371
2025-07-30,567.66,568.81,556.57,558.83,-11.37,-1.99%,189289121
2025-07-29,571.97,572.01,567.11,570.2,-1.91,-0.33%,114929858
2025-07-28,576.95,577.85,570.48,572.11,-8.33,-1.44%,118024698
2025-07-25,575.91,580.86,574.27,580.44,6.71,+1.17%,143899843
2025-07-24,573.73,577.7,570.96,573.73,-4.33,-0.75%,169438599
2025-07-23,578.89,581.6,577.33,578.06,0.56,+0.10%,124042832
2025-07-22,569.5,577.91,569.21,577.5,7.29,+1.28%,105337119
2025-07-21,570.56,575.63,569.96,570.21,3.09,+0.54%,84244460
2025-07-18,566.8,567.37,563.98,567.12,1.97,+0.35%,107699789
2025-07-17,560.14,565.89,559.84,565.15,3.35,+0.60%,89477280
2025-07-16,561.14,562.37,555.98,561.8,1.68,+0.30%,87963887
2025-07-15,572.42,573.26,559.87,560.12,-12.09,-2.11%,116013703
2025-07-14,573.05,574.18,570.34,572.21,-2.54,-0.44%,83570644
2025-07-11,573.43,575.63,570.47,574.75,-4.35,-0.75%,93153762
2025-07-10,577.96,582.32,576.96,579.1,2.67,+0.46%,104425235
2025-07-09,575.02,577.32,571.52,576.43,3.09,+0.54%,114611413
2025-07-08,570.37,575.67,570.04,573.34,3.04,+0.53%,160663811
2025-07-07,572.49,574.4,567.41,570.3,-6.,-1.04%,116841191
2025-07-03,576,577.65,574.68,576.3,-0.02,0.00%,67643962
2025-07-02,570.16,576.41,570.09,576.32,7.56,+1.33%,120014177
2025-07-01,556.3,571.53,555.99,568.76,12.67,+2.28%,132637617
2025-06-30,554.92,556.96,551.97,556.09,0.56,+0.10%,107275949
2025-06-27,554.8,557.78,552.79,555.53,0.12,+0.02%,136603249
2025-06-26,552.92,557.3,552.19,555.41,5.98,+1.09%,112712343
2025-06-25,552.61,552.61,549.09,549.43,-4.39,-0.79%,103218464
2025-06-24,550.79,554.49,549.54,553.82,4.13,+0.75%,112208042
2025-06-23,542.3,550.18,541.12,549.69,6.65,+1.22%,118858239
2025-06-20,549.44,549.44,542.45,543.04,-3.53,-0.65%,300130409
2025-06-18,548.16,550.79,546.2,546.57,-1.83,-0.33%,107918685
2025-06-17,552.15,552.83,547.78,548.4,-5.62,-1.01%,98554313
2025-06-16,551.77,556.85,551.77,554.02,4.31,+0.78%,101104812
2025-06-13,551.02,556.71,548.4,549.71,-6.67,-1.20%,113835638
2025-06-12,551.54,556.69,549.89,556.38,2.87,+0.52%,92270152
2025-06-11,557.77,557.98,552,553.51,-5.48,-0.98%,113372623
2025-06-10,557.25,559.45,556.58,558.99,3.1,+0.56%,104062057
2025-06-09,553.63,559.43,552.93,555.89,3.4,+0.62%,97209014
2025-06-06,554.45,557.1,551.41,552.49,1.11,+0.20%,87677860
2025-06-05,557.61,557.62,550.46,551.38,-3.14,-0.57%,104969858
2025-06-04,553.16,556.4,552.09,554.52,1.92,+0.35%,96745455
2025-06-03,545.38,553.1,542.66,552.6,5.29,+0.97%,108397462
2025-06-02,545.78,547.54,543.44,547.31,2.63,+0.48%,135144614
2025-05-30,542.26,545.35,537.43,544.68,0.63,+0.12%,180099176
2025-05-29,544.39,544.73,539.21,544.05,1.65,+0.30%,101686847
2025-05-28,548.14,548.46,541.97,542.4,-6.99,-1.27%,92476618
2025-05-27,544.02,549.46,544.02,549.39,9.05,+1.67%,110598037
2025-05-23,535.84,542.14,535.8,540.34,-0.55,-0.10%,96813619
2025-05-22,540.02,542.84,536.9,540.89,-0.37,-0.07%,95104474
2025-05-21,544.73,546.69,540.36,541.26,-6.79,-1.24%,100769935
2025-05-20,547.78,548.96,545.78,548.05,-0.97,-0.18%,90241698
2025-05-19,542.83,549.35,542.07,549.02,1.89,+0.35%,96296169
2025-05-16,541.4,547.13,538.96,547.13,4.92,+0.91%,101989533
2025-05-15,534.88,542.44,534.6,542.21,6.15,+1.15%,110755201
2025-05-14,538.84,538.84,533.59,536.06,-5.2,-0.96%,133140061
2025-05-13,544.4,545.45,541.18,541.26,-2.85,-0.52%,119082858
2025-05-12,544.54,550.02,541.65,544.11,10.15,+1.90%,145935839
2025-05-09,533.73,534.67,531.01,533.96,1.36,+0.26%,77658291
2025-05-08,528.94,537.66,528.27,532.6,6.29,+1.20%,111256665
2025-05-07,528.86,530.83,524.29,526.31,-2.65,-0.50%,137177411
2025-05-06,530.95,533.04,527.32,528.96,-3.5,-0.66%,113680231
2025-05-05,534.1,536.26,531.37,532.46,-3.52,-0.66%,113014677
2025-05-02,533.07,538.14,531.95,535.98,8.77,+1.66%,115104524
2025-05-01,524.26,531.01,522.31,527.21,-2.65,-0.50%,148391491
2025-04-30,521.18,531.07,518.37,529.86,2.69,+0.51%,339304155
2025-04-29,524.49,529.3,521.66,527.17,4.83,+0.92%,221288094
2025-04-28,522.02,525.61,517.28,522.34,0.8,+0.15%,108256402
2025-04-25,521.6,522.92,517.11,521.54,-3.82,-0.73%,101003403
2025-04-24,515.55,526.16,513.84,525.36,10.42,+2.02%,128891641
2025-04-23,519.3,526.54,513.13,514.94,0.1,+0.02%,134537215
2025-04-22,508.39,516.21,508.07,514.84,11.84,+2.35%,128279058
2025-04-21,510.32,510.86,498.58,503,-8.3,-1.62%,98517185
2025-04-17,510.49,514.92,508.5,511.3,3.43,+0.68%,122893325
2025-04-16,512.24,515.72,504.65,507.87,-3.96,-0.77%,124287887
2025-04-15,514.27,517.94,511.27,511.83,-3.26,-0.63%,113304306
2025-04-14,513.36,517.58,509.36,515.09,5.56,+1.09%,134316520
2025-04-11,497.06,513.21,494.13,509.53,14.77,+2.99%,198468097
2025-04-10,502.11,503.44,483.42,494.76,-15.29,-3.00%,193390275
2025-04-09,467.79,512.11,466.59,510.05,40.51,+8.63%,242141874
2025-04-08,493.83,495,462.45,469.54,-14.34,-2.96%,204030811
2025-04-07,480.44,503.59,469.48,483.88,-8.14,-1.65%,240715976
2025-04-04,513.78,515.21,490.92,492.02,-33.01,-6.29%,230435812
2025-04-03,538.07,538.07,524.09,525.03,-22.96,-4.19%,173616927
2025-04-02,539.91,548.37,539.6,547.99,4.27,+0.79%,101994843
2025-04-01,539.75,544.08,535.94,543.72,1.74,+0.32%,108853659
2025-03-31,533.87,544.61,530.24,541.98,5.72,+1.07%,115770257
2025-03-28,546.56,547.38,535.71,536.26,-9.47,-1.74%,103296749
2025-03-27,544.43,547.86,541.05,545.73,-0.16,-0.03%,100652492
2025-03-26,545.08,548.94,543.39,545.89,0.98,+0.18%,105965812
2025-03-25,545.93,547.11,542.56,544.91,0.16,+0.03%,118914833
2025-03-24,540.78,545.99,540.78,544.75,6.69,+1.24%,114755822
2025-03-21,538.01,538.39,531.38,538.06,-5.43,-1.00%,309137113
2025-03-20,544.19,547.89,542.75,543.49,-3.39,-0.62%,118281406
2025-03-19,544.58,548.76,541.95,546.88,1.83,+0.34%,111912456
2025-03-18,547.63,547.92,542.83,545.05,-0.51,-0.09%,110012092
2025-03-17,538.71,547.61,538.71,545.56,6.15,+1.14%,97492604
2025-03-14,536.33,539.96,534.44,539.41,7,+1.31%,102348302
2025-03-13,533,538.45,529.01,532.41,-0.72,-0.14%,117176146
2025-03-12,537.12,537.91,530.81,533.13,-2.41,-0.45%,105360927
2025-03-11,540.05,541.18,532.69,535.54,-4.38,-0.81%,131574795
2025-03-10,545.6,549.33,535.94,539.92,-11.67,-2.12%,137807452
2025-03-07,548.59,553.6,545,551.59,1.38,+0.25%,123050592
2025-03-06,550.63,555.04,547.17,550.21,-2.94,-0.53%,124714022
2025-03-05,541.54,554.32,541.54,553.15,14.19,+2.63%,142052025
2025-03-04,546.3,547.18,538.15,538.96,-7.55,-1.38%,159906998
2025-03-03,561.64,564.76,545.19,546.51,-11.67,-2.09%,142174462
2025-02-28,555.31,558.37,551.34,558.18,4.76,+0.86%,183885296
2025-02-27,557.08,561.11,553.15,553.42,-3.86,-0.69%,103650251
2025-02-26,559.54,562.23,556.88,557.28,-0.4,-0.07%,117307445
2025-02-25,553.92,559.39,553.17,557.68,4.44,+0.80%,101433748
2025-02-24,555.05,556.58,551.7,553.24,-0.99,-0.18%,116038545
2025-02-21,564.81,565.66,553.62,554.23,-10.18,-1.80%,117794342
2025-02-20,564.6,566.6,560.87,564.41,-1.48,-0.26%,111181266
2025-02-19,565.77,567.67,563.99,565.89,-6.65,-1.16%,108244116
2025-02-18,565.69,572.58,563.61,572.54,6.95,+1.23%,105563066
2025-02-14,569.5,571.87,565.45,565.59,-1.86,-0.33%,93450933
2025-02-13,561.19,568.12,560.28,567.45,9.54,+1.71%,115923390
2025-02-12,554.13,560.6,552.42,557.91,-3.83,-0.68%,107516407
2025-02-11,561.15,565.35,559.98,561.74,3,+0.54%,110014229
2025-02-10,559.27,560.29,555.6,558.74,2.87,+0.52%,114231162
2025-02-07,560.92,562.01,555.18,555.87,-6.71,-1.19%,144626043
2025-02-06,561.75,563.86,558.17,562.58,1.88,+0.34%,159945337
2025-02-05,559.12,563.17,556.81,560.7,-0.18,-0.03%,180841907
2025-02-04,559.54,563.29,559.33,560.88,1.57,+0.28%,181551901
2025-02-03,553.75,560.93,547.47,559.31,0.28,+0.05%,144960624
2025-01-31,561.75,564.07,556.74,559.03,-4.12,-0.73%,157972739
2025-01-30,557.76,563.36,555.97,563.15,5.6,+1.00%,119374200
2025-01-29,558.05,560.33,556.34,557.55,-1.13,-0.20%,101580374
2025-01-28,560.03,561.84,557.4,558.68,-1.96,-0.35%,91318746
2025-01-27,558.84,560.87,555.99,560.64,0.39,+0.07%,100144523
2025-01-24,564.18,564.55,559.64,560.25,-1.31,-0.23%,90096104
2025-01-23,558.2,561.58,555.73,561.56,2.83,+0.51%,99224421
2025-01-22,563.99,563.99,558.57,558.73,-4.44,-0.79%,90158780
2025-01-21,560.19,564.55,560.14,563.17,7.03,+1.26%,96987304
2025-01-17,556.23,559.51,554.22,556.14,3.86,+0.70%,89721290
2025-01-16,548.17,552.52,547,552.28,4.44,+0.81%,84499997
2025-01-15,550.68,552,544.51,547.84,4.93,+0.91%,102817133
2025-01-14,538.31,543.21,537.87,542.91,6.66,+1.24%,87344265
2025-01-13,524.29,536.37,523.73,536.25,11.62,+2.21%,99160066
2025-01-10,526.66,528.15,523.18,524.63,-5.19,-0.98%,97633290
2025-01-08,526.57,529.85,523.64,529.82,2.58,+0.49%,81551328
2025-01-07,527.81,532.94,524.3,527.24,-0.08,-0.02%,95445375
2025-01-06,527,532.39,526.59,527.32,3.43,+0.65%,109660419
2025-01-03,526.27,526.29,523,523.89,0.15,+0.03%,83286497
2025-01-02,532.38,534.02,523.24,523.74,-6.03,-1.14%,78097333
2024-12-31,528.84,531.61,527.08,529.77,1.87,+0.35%,64843228
2024-12-30,531.56,531.77,525.51,527.9,-7.16,-1.34%,68871899
2024-12-27,535.24,539.95,533.09,535.06,-3.09,-0.57%,56135819
2024-12-26,536.15,539.98,535.78,538.15,-0.98,-0.18%,54838075
2024-12-24,535.63,539.21,533.84,539.13,3.25,+0.61%,30767292
2024-12-23,535.36,536.36,530.88,535.88,-0.65,-0.12%,78576513
2024-12-20,528.81,539.24,528.79,536.53,6.6,+1.25%,225950899
2024-12-19,536.27,539.49,529.81,529.93,-5.76,-1.08%,107978956
2024-12-18,549.99,552.59,535.53,535.69,-15.95,-2.89%,112497220
2024-12-17,552,555.35,551.44,551.64,-2.67,-0.48%,104874493
2024-12-16,558.18,560.12,554.18,554.31,-5.48,-0.98%,94022917
2024-12-13,561.41,561.99,557.82,559.79,-4.47,-0.79%,77344220
2024-12-12,566.14,567.97,564.03,564.26,-3.9,-0.69%,78764428
2024-12-11,570.76,571.04,567.93,568.16,-2.13,-0.37%,82722560
2024-12-10,574.51,574.51,566.64,570.29,-5.38,-0.93%,89434935
2024-12-09,579.71,583.55,575.42,575.67,-0.88,-0.15%,104092033
2024-12-06,579.73,580.59,576.12,576.55,-1.49,-0.26%,80087928
2024-12-05,584.34,584.34,575.51,578.04,-8.2,-1.40%,100661030
2024-12-04,589.52,589.66,584.53,586.24,-5.25,-0.89%,100633706
2024-12-03,595.55,596.21,590.33,591.49,-1.97,-0.33%,83625664
2024-12-02,594.27,594.55,589.49,593.46,-1.16,-0.20%,102692307
2024-11-29,591.51,595.07,590.55,594.62,2.9,+0.49%,64197822
2024-11-27,593.1,597.01,591.06,591.72,-0.53,-0.09%,73377571
2024-11-26,594.44,594.44,589.99,592.25,-4.01,-0.67%,87039396
2024-11-25,591.3,597.02,591.29,596.26,5.58,+0.94%,137272085
2024-11-22,587.47,591.19,586.77,590.68,3.21,+0.55%,79915719
2024-11-21,580.71,587.5,578.94,587.47,6.97,+1.20%,101658307
2024-11-20,576.55,581.12,574.25,580.5,4.15,+0.72%,123564298
2024-11-19,573.85,577.16,570.92,576.35,-1.64,-0.28%,121378700
2024-11-18,574.29,578.05,573.85,577.99,4.22,+0.74%,77702105
2024-11-15,577.26,578.48,572.67,573.77,-4.55,-0.79%,93540857
2024-11-14,581.42,582.28,577.66,578.32,-4.06,-0.70%,86083865
2024-11-13,581.11,583.58,579.72,582.38,1.16,+0.20%,88092413
2024-11-12,588.36,588.78,579.61,581.22,-9.27,-1.57%,93037166
2024-11-11,592.69,594.98,589.94,590.49,-3.06,-0.52%,83633900
2024-11-08,595.49,597.35,592.72,593.55,-5.46,-0.91%,94985199
2024-11-07,597.89,601.29,597.44,599.01,3.01,+0.51%,122550024
2024-11-06,594.65,598.77,591.32,596,7.05,+1.20%,132980223
2024-11-05,585.88,591.35,585.46,588.95,1.16,+0.20%,84461821
2024-11-04,589.41,591.66,585.19,587.79,2.77,+0.47%,97168688
2024-11-01,586.22,589.01,584.79,585.02,-1.12,-0.19%,87298378
2024-10-31,590.95,592.26,586.14,586.14,-9.05,-1.52%,105518214
2024-10-30,593.2,598.97,593.2,595.19,2.21,+0.37%,84146428
2024-10-29,594.44,596.64,592.63,592.98,-3.99,-0.67%,68430809
2024-10-28,594.77,597.68,594.2,596.97,4.72,+0.80%,70052940
2024-10-25,596.3,598.16,591.94,592.25,-3.8,-0.64%,81100059
2024-10-24,603.57,603.96,593.92,596.05,-8.57,-1.42%,94877946
2024-10-23,603.74,608.09,602.2,604.62,-2.13,-0.35%,69021162
2024-10-22,611.65,613.09,603.9,606.75,-5.27,-0.86%,70894021
2024-10-21,616.36,616.87,610.4,612.02,-4.95,-0.80%,58664944
2024-10-18,615.57,618.33,613.81,616.97,2.87,+0.47%,69091354
2024-10-17,615,615.33,612.37,614.1,0.73,+0.12%,68918912
2024-10-16,609.21,614.34,609.21,613.37,5.05,+0.83%,61730881
2024-10-15,607.91,613.01,607.8,608.32,-0.21,-0.03%,73763916
2024-10-14,602.43,609.08,601.69,608.53,3.2,+0.53%,55792317
2024-10-11,602.35,606.86,602.34,605.33,4.22,+0.70%,53393386
2024-10-10,598.92,602.22,597.87,601.11,1.26,+0.21%,58338677
2024-10-09,595.63,601.33,594.52,599.85,3.8,+0.64%,56752515
2024-10-08,594.89,596.72,592.16,596.05,-2.2,-0.37%,69881808
2024-10-07,596.31,599.55,595.06,598.25,-1.03,-0.17%,67728615
2024-10-04,600.37,601.66,595.59,599.28,2.47,+0.41%,57057438
2024-10-03,599.39,599.95,595.66,596.81,-6.95,-1.15%,56950033
2024-10-02,604.15,608.17,602.49,603.76,-1.99,-0.33%,65498240
2024-10-01,607.68,608.16,603.27,605.75,-1.95,-0.32%,67343829
2024-09-30,609.68,610.43,602.99,607.7,-3.66,-0.60%,81390462
2024-09-27,612.85,616.48,610.08,611.36,-1.4,-0.23%,74571779
2024-09-26,607.14,613.64,607.1,612.76,11.83,+1.97%,101410237
2024-09-25,606.21,606.21,599.33,600.93,-3.64,-0.60%,62878319
2024-09-24,601.06,605.41,601.06,604.57,8.07,+1.35%,89480461
2024-09-23,593.33,597.23,592.54,596.5,5.13,+0.87%,76431104
2024-09-20,594.18,594.18,588.78,591.37,-3.8,-0.64%,174591907
2024-09-19,595.65,597.46,591.83,595.17,8.72,+1.49%,81617385
2024-09-18,589.65,593.14,585.45,586.45,-2.25,-0.38%,67615695
2024-09-17,587.9,593.05,587.39,588.7,0.94,+0.16%,62388975
2024-09-16,585.86,588.59,583.25,587.76,5.24,+0.90%,66461788
"Downloaded from Barchart.com as of 10-10-2026 08:19am CDT"
