Time,Open,High,Low,Latest,Change,%Change,Volume,"Open Int"
2026-10-09,4159.7,4233.7,4156.1,4216.3,59.3,+1.43%,130552,0
2026-10-08,4139.9,4170.7,4128.1,4157,16.3,+0.39%,148432,321112
2026-10-07,4195,4197.8,4091.2,4140.7,-46.4,-1.11%,163894,323410
2026-10-06,4169.2,4212.4,4130.7,4187.1,30.3,+0.73%,121934,323642
2026-10-05,4169.4,4198.9,4150.4,4156.8,-5.5,-0.13%,112195,323723
2026-10-02,4204.6,4259,4153.8,4162.3,-40.,-0.95%,169001,324063
2026-10-01,4190.1,4222.8,4169.4,4202.3,15.6,+0.37%,130846,323698
2026-09-30,4216.2,4251.2,4178.2,4186.7,7,+0.17%,156277,326163
2026-09-29,4150.1,4218.1,4145.2,4179.7,11.3,+0.27%,149747,325931
2026-09-28,4315,4315.8,4143.1,4168.4,-152.8,-3.54%,229031,324659
2026-09-25,4309.5,4351.6,4289.2,4321.2,23.2,+0.54%,140092,322500
2026-09-24,4324.4,4338,4278.3,4298,-20.4,-0.47%,164814,317452
2026-09-23,4394.7,4407.5,4310.7,4318.4,-58.,-1.33%,143873,314505
2026-09-22,4382.5,4414.1,4327.6,4376.4,-7.5,-0.17%,178132,313214
2026-09-21,4413,4422.1,4360.3,4383.9,-41.,-0.93%,138203,314234
2026-09-18,4381.6,4439.8,4372.2,4424.9,25.2,+0.57%,142919,314578
2026-09-17,4301.4,4423.3,4294.5,4399.7,12.2,+0.28%,169188,314133
2026-09-16,4333.5,4413.1,4273.3,4387.5,54.7,+1.26%,249081,313365
2026-09-15,4340.3,4358.2,4301.6,4332.8,-19.1,-0.44%,146019,311070
2026-09-14,4375,4396.8,4293,4351.9,-57.,-1.29%,164499,311816
2026-09-11,4359.4,4444.9,4333,4408.9,1.6,+0.04%,187975,314274
2026-09-10,4448,4479.9,4354.7,4407.3,-53.4,-1.20%,201300,315889
2026-09-09,4399,4479,4384.1,4460.7,21.7,+0.49%,164390,316290
2026-09-08,4466.5,4488.8,4381,4439,-37.6,-0.84%,217162,314070
2026-09-04,4522,4537.8,4412,4476.6,-63.3,-1.39%,189656,317876
2026-09-03,4436.4,4558.5,4426.7,4539.9,125.3,+2.84%,209167,318285
2026-09-02,4377.2,4444.4,4329.2,4414.6,18.2,+0.41%,187568,314259
2026-09-01,4498.7,4510.5,4369.7,4396.4,-85.1,-1.90%,198560,318145
2026-08-31,4483.2,4521.5,4445.6,4481.5,-48.4,-1.07%,152216,323541
2026-08-28,4656,4688,4495,4529.9,-134.1,-2.88%,274603,324865
2026-08-27,4650,4697.7,4616,4664,10.7,+0.23%,140302,331495
2026-08-26,4715.7,4730.9,4638.2,4653.3,-41.2,-0.88%,151459,330116
2026-08-25,4710.1,4755,4659.5,4694.5,-3.3,-0.07%,176784,329931
2026-08-24,4673.4,4738.5,4651.8,4697.8,17.2,+0.37%,206802,328975
2026-08-21,4577,4690.4,4565.5,4680.6,109.2,+2.39%,195566,327789
2026-08-20,4580,4597.1,4506,4571.4,26.1,+0.57%,186475,325584
2026-08-19,4391.4,4582.8,4378,4545.3,124.7,+2.82%,250482,326214
2026-08-18,4473.4,4493.1,4383.3,4420.6,-53.1,-1.19%,131150,312507
2026-08-17,4440,4486.5,4422.3,4473.7,36.4,+0.82%,121052,313060
2026-08-14,4408.2,4454.6,4365.5,4437.3,16.9,+0.38%,126955,311802
2026-08-13,4468.8,4509.1,4400,4420.4,-47.1,-1.05%,139219,310096
2026-08-12,4430,4502.7,4421.4,4467.5,26.4,+0.59%,153093,311912
2026-08-11,4446.9,4495,4415.7,4441.1,21.4,+0.48%,138129,308579
2026-08-10,4400,4453.8,4373.9,4419.7,20,+0.45%,118606,307620
2026-08-07,4298.3,4432.3,4288,4399.7,100.1,+2.33%,190635,305676
2026-08-06,4307,4363.7,4281.2,4299.6,-5.6,-0.13%,167624,298095
2026-08-05,4133.8,4328.2,4121.6,4305.2,152.6,+3.67%,211902,301327
2026-08-04,4109.6,4163.8,4098.1,4152.6,62.1,+1.52%,118831,284690
2026-08-03,4135.2,4145.5,4074,4090.5,-16.5,-0.40%,93289,279897
2026-07-31,4163.9,4170.7,4076.4,4107,-53.6,-1.29%,110633,280612
2026-07-30,4126.7,4180.2,4085,4160.6,63.6,+1.55%,149370,284978
2026-07-29,4084,4176.8,4053.9,4097,-1.6,-0.04%,181844,275504
2026-07-28,4142,4145,4071,4098.6,-37.8,-0.91%,99653,241826
2026-07-27,4151.1,4178.5,4126.5,4136.4,6.7,+0.16%,61698,203066
2026-07-24,4109.4,4144,4081.8,4129.7,20.9,+0.51%,48860,176377
2026-07-23,4190,4202.4,4099.9,4108.8,-101.5,-2.41%,52677,157027
2026-07-22,4140.7,4230,4138.9,4210.3,76.1,+1.84%,32041,137528
2026-07-21,4070.1,4149.2,4060.5,4134.2,61.2,+1.50%,23341,127205
2026-07-20,4064.1,4103,4044,4073,-2.8,-0.07%,16372,116816
2026-07-17,4037,4085.4,4019,4075.8,27.1,+0.67%,15691,110067
2026-07-16,4124.2,4127.7,4029.9,4048.7,-60.6,-1.47%,12622,107116
2026-07-15,4117.1,4146.9,4081.9,4109.3,-18.6,-0.45%,20767,105898
2026-07-14,4065.8,4170.3,4049.2,4127.9,64.3,+1.58%,31414,101771
2026-07-13,4167,4167,4051.6,4063.6,-110.,-2.64%,33874,94791
2026-07-10,4194.9,4204.4,4142,4173.6,-27.8,-0.66%,22072,84445
2026-07-09,4147,4208.8,4123.6,4201.4,59.3,+1.43%,15691,110135
2026-07-08,4171,4205,4091.8,4142.1,-76.2,-1.81%,31256,68381
2026-07-07,4237.1,4252.9,4164.2,4218.3,-10.3,-0.24%,14417,62383
2026-07-06,4198.1,4276.2,4195.5,4228.6,42,+1.00%,11771,58639
2026-07-02,4111,4218,4103.5,4186.6,43.7,+1.05%,11776,55761
2026-07-01,4087.5,4190.4,4032.9,4142.9,44.4,+1.08%,11841,53629
2026-06-30,4092.7,4138.4,4015.6,4098.5,-0.3,-0.01%,8705,51390
2026-06-29,4159.5,4160.1,4072,4098.8,-58.1,-1.40%,5813,48797
2026-06-26,4105,4171.9,4058.1,4156.9,49.4,+1.20%,8461,47139
2026-06-25,4080,4119.6,4037,4107.5,39.4,+0.97%,10574,45806
2026-06-24,4190.9,4192.9,4034.8,4068.1,-142.8,-3.39%,10421,44730
2026-06-23,4274.3,4277.7,4170.1,4210.9,-54.5,-1.28%,5633,43943
2026-06-22,4284,4300.3,4200.7,4265.4,-43.1,-1.00%,8174,43469
2026-06-18,4339.1,4412.8,4283.6,4308.5,-136.3,-3.07%,8093,42359
2026-06-17,4415.7,4466,4299.9,4444.8,27.5,+0.62%,9207,41843
2026-06-16,4397.7,4439.4,4390.3,4417.3,3,+0.07%,3604,41214
2026-06-15,4350,4454.4,4348.9,4414.3,113.9,+2.65%,7245,41346
2026-06-12,4294.2,4329.4,4252.8,4300.4,126.4,+3.03%,7446,40506
2026-06-11,4154,4302.2,4106,4174,-20.5,-0.49%,12755,40372
2026-06-10,4341.9,4343.9,4150.7,4194.5,-155.1,-3.57%,9665,37858
2026-06-09,4417.9,4453,4323,4349.6,-77.7,-1.76%,8607,36415
2026-06-08,4415.5,4440,4355.6,4427.3,-1.7,-0.04%,6302,35555
2026-06-05,4568.2,4573.7,4399.7,4429,-141.4,-3.09%,9841,34179
2026-06-04,4526.7,4608.8,4515.2,4570.4,38.4,+0.85%,4441,33234
2026-06-03,4585.7,4589.9,4519.4,4532,-53.6,-1.17%,4013,33027
2026-06-02,4583.1,4636.5,4558.1,4585.6,13.4,+0.29%,5267,32968
2026-06-01,4639.9,4643.3,4544,4572.2,-87.3,-1.87%,5735,33123
2026-05-29,4591.2,4693,4584.7,4659.5,62.5,+1.36%,6512,32641
2026-05-28,4550.6,4611.2,4459.5,4597,51.9,+1.14%,8221,32011
2026-05-27,4608,4626.8,4495.7,4545.1,-56.1,-1.22%,7285,30970
2026-05-26,4644.5,4683,4579.3,4601.2,-22.2,-0.48%,6076,30316
2026-05-22,4629.9,4635.6,4588.5,4623.4,-20.2,-0.44%,2079,28954
2026-05-21,4640.8,4669.2,4587.6,4643.6,9.2,+0.20%,2647,28952
2026-05-20,4582.1,4653.6,4555.2,4634.4,24.3,+0.53%,4886,28816
2026-05-19,4675.5,4690.2,4565.8,4610.1,-48.1,-1.03%,2106,28914
2026-05-18,4633.8,4687.2,4591.1,4658.2,-4.,-0.09%,2969,28357
2026-05-15,4760.2,4768,4615.1,4662.2,-125.7,-2.63%,4097,28124
2026-05-14,4804,4826.4,4754.4,4787.9,-22.4,-0.47%,3572,27482
2026-05-13,4826.7,4835.1,4781.9,4810.3,19.4,+0.40%,6173,26890
2026-05-12,4850.5,4885,4749.6,4790.9,-42.7,-0.88%,5533,25730
2026-05-11,4816.2,4860.6,4760,4833.6,-1.3,-0.03%,3753,24741
2026-05-08,4806,4861.2,4804.1,4834.9,19.4,+0.40%,3784,24180
2026-05-07,4806.3,4878,4800,4815.5,17.3,+0.36%,4461,23817
2026-05-06,4659,4835,4658.8,4798.2,128.1,+2.74%,3526,23383
2026-05-05,4629.4,4696.8,4629.4,4670.1,35,+0.76%,2001,22813
2026-05-04,4737.6,4737.6,4614,4635.1,-112.7,-2.37%,1798,22341
2026-05-01,4731.3,4775,4674,4747.8,16,+0.34%,1618,21978
2026-04-30,4671.6,4759.6,4656,4731.8,70.1,+1.50%,1107,21626
2026-04-29,4712.7,4720.8,4623.6,4661.7,-47.9,-1.02%,1315,21424
2026-04-28,4810.9,4816.6,4669.8,4709.6,-87.4,-1.82%,1753,21296
2026-04-27,4801.6,4846.8,4786.6,4797,-47.8,-0.99%,1606,21209
2026-04-24,4816.8,4857.6,4778.4,4844.8,16.5,+0.34%,2081,20827
2026-04-23,4858,4873.4,4785.6,4828.3,-29.9,-0.62%,3049,20817
2026-04-22,4848,4895,4840,4858.2,34.1,+0.71%,1165,20745
2026-04-21,4953.7,4959.6,4790,4824.1,-111.3,-2.26%,2475,20591
2026-04-20,4939.5,4952.4,4857.7,4935.4,-51.9,-1.04%,1479,20132
2026-04-17,4925.5,5025.5,4894.4,4987.3,70.7,+1.44%,1714,20005
2026-04-16,4928.7,4968,4900,4916.6,-16.,-0.32%,1347,19975
2026-04-15,4975.5,5003.8,4917.4,4932.6,-28.,-0.56%,1990,19897
2026-04-14,4879.2,4980.5,4879.2,4960.6,84.6,+1.74%,4098,19843
2026-04-13,4770,4881.2,4762.7,4876,-20.4,-0.42%,3597,18814
2026-04-10,4903.9,4926.4,4864.8,4896.4,-31.9,-0.65%,3820,17770
2026-04-09,4841.4,4935,4829.1,4928.3,42.9,+0.88%,3587,16703
2026-04-08,4853.8,4990,4833,4885.4,96.5,+2.02%,5200,15692
2026-04-07,4795.6,4844.4,4736.1,4788.9,0,0.00%,962,14622
2026-04-06,4761.3,4837.5,4746.2,4788.9,4.8,+0.10%,684,14512
2026-04-02,4923.2,4925,4684.8,4784.1,-135.,-2.74%,1935,14512
2026-04-01,4808.6,4925.2,4797.6,4919.1,138.9,+2.91%,1770,14231
2026-03-31,4647.3,4819.1,4615.1,4780.2,122.8,+2.64%,2685,14122
2026-03-30,4613,4709,4559.9,4657.4,32.6,+0.70%,1384,14246
2026-03-27,4521.8,4688.4,4505,4624.8,118.1,+2.62%,2834,14229
2026-03-26,4632,4667.3,4474.8,4506.7,-179.,-3.82%,1973,13969
2026-03-25,4608,4736.6,4597.2,4685.7,152.9,+3.37%,1427,14264
2026-03-24,4552.5,4617,4436.2,4532.8,-6.5,-0.14%,1351,14178
2026-03-23,4598,4666.5,4221.8,4539.3,-176.9,-3.75%,6273,14188
2026-03-20,4815,4876.7,4619.2,4716.2,-29.2,-0.62%,1847,14613
2026-03-19,4960,5005.8,4650,4745.4,-296.3,-5.88%,4543,14570
2026-03-18,5153.1,5164.9,4960,5041.7,-115.,-2.23%,1863,14758
2026-03-17,5185,5195.9,5143.8,5156.7,6.4,+0.12%,1039,14422
2026-03-16,5166,5185,5120,5150.3,-60.1,-1.15%,1737,14345
2026-03-13,5237.6,5282.2,5169,5210.4,-66.,-1.25%,2080,14093
2026-03-12,5329.5,5350,5223.5,5276.4,-54.5,-1.02%,1346,13823
2026-03-11,5347.2,5379.8,5318,5330.9,-61.6,-1.14%,1697,13772
2026-03-10,5289.5,5397.3,5287.6,5392.5,140.6,+2.68%,1284,13640
2026-03-09,5299.3,5315.5,5167.3,5251.9,-54.9,-1.03%,1151,13690
2026-03-06,5250.7,5329.3,5220,5306.8,81.2,+1.55%,1366,13778
2026-03-05,5311.6,5352.4,5207.9,5225.6,-56.,-1.06%,1293,13880
2026-03-04,5276.4,5365,5276.3,5281.6,11.9,+0.23%,1248,13801
2026-03-03,5500,5542.9,5148.4,5269.7,-192.9,-3.53%,2515,13714
2026-03-02,5540.2,5583.5,5426.9,5462.6,66.4,+1.23%,1741,13656
2026-02-27,5347.1,5446,5334.5,5396.2,55.1,+1.03%,868,13651
2026-02-26,5338.2,5368,5292.2,5341.1,-33.1,-0.62%,521,13574
2026-02-25,5300,5385.1,5295,5374.2,51.4,+0.97%,716,13488
2026-02-24,5406.4,5412,5260,5322.8,-49.2,-0.92%,794,13393
2026-02-23,5293.3,5401.8,5292.4,5372,148.6,+2.84%,760,13356
2026-02-20,5150.4,5265,5145.4,5223.4,87.3,+1.70%,736,13298
2026-02-19,5136.3,5180,5124.6,5136.1,-11.2,-0.22%,494,13467
2026-02-18,5025.1,5157.2,5012.2,5147.3,107.9,+2.14%,661,13565
2026-02-17,5184.1,5187.5,4990.5,5039.4,-144.4,-2.79%,1186,13568
2026-02-13,5051.8,5206.3,5049.1,5183.8,95.4,+1.87%,2126,13302
2026-02-12,5240.2,5246.5,5048.5,5088.4,-154.1,-2.94%,1354,12975
2026-02-11,5197.3,5282.9,5180,5242.5,70.3,+1.36%,1096,12836
2026-02-10,5232,5242.4,5166,5172.2,-49.9,-0.96%,981,12909
2026-02-09,5140.4,5253.5,5135.7,5222.1,102.3,+2.00%,1763,12617
2026-02-06,4917.9,5131.9,4800,5119.8,97.5,+1.94%,1480,12395
2026-02-05,5160,5184,4911.5,5022.3,-66.7,-1.31%,1314,12154
2026-02-04,5112.7,5250,5022.1,5089,16.5,+0.33%,2164,12086
2026-02-03,4840,5154.6,4840,5072.5,292.1,+6.11%,1778,12068
2026-02-02,4922.9,5020,4554.6,4780.4,-99.6,-2.04%,3900,11837
2026-01-30,5593.4,5638.3,4850,4880,-628.6,-11.41%,4673,11601
2026-01-29,5641.1,5781.8,5280,5508.6,14,+0.25%,3411,11428
2026-01-28,5371.4,5609.8,5346.4,5494.6,227.3,+4.32%,3052,11228
2026-01-27,5198.4,5374.4,5198.4,5267.3,-5.5,-0.10%,1834,10894
2026-01-26,5193.3,5291.1,5181.1,5272.8,112.4,+2.18%,1747,10889
2026-01-23,5116.8,5169.1,5080,5160.4,73.5,+1.44%,862,10572
2026-01-22,4998,5115,4946,5086.9,79.4,+1.59%,1656,10368
2026-01-21,4934.6,5055,4927.7,5007.5,74.5,+1.51%,1388,10231
2026-01-20,4801.3,4937.5,4801.3,4933,173.8,+3.65%,999,10143
2026-01-16,4786.9,4786.9,4726.6,4759.2,-28.5,-0.60%,682,10182
2026-01-15,4782.6,4789.9,4747.3,4787.7,-11.2,-0.23%,949,10132
2026-01-14,4776.9,4813.4,4775.4,4798.9,38.7,+0.81%,2596,10030
2026-01-13,4758.5,4804.1,4747.2,4760.2,-17.5,-0.37%,1078,10197
2026-01-12,4691,4802.7,4691,4777.7,116.3,+2.49%,1071,9861
2026-01-09,4646.9,4684.1,4625,4661.4,41.4,+0.90%,1436,9671
2026-01-08,4610.9,4643,4578.6,4620,-0.6,-0.01%,1277,9315
2026-01-07,4669,4669.3,4592.5,4620.6,-35.6,-0.76%,821,9149
2026-01-06,4620.1,4664,4606.9,4656.2,48.1,+1.04%,1149,9060
2026-01-05,4515,4620,4514,4608.1,123.7,+2.76%,1008,8938
2026-01-02,4497.6,4570.4,4475,4484.4,-13.,-0.29%,534,8853
2025-12-31,4509,4531.7,4440,4497.4,-43.7,-0.96%,629,8848
2025-12-30,4510.5,4573,4497,4541.1,45.1,+1.00%,1327,8772
2025-12-29,4729,4729,4476.7,4496,-214.,-4.54%,1525,8419
2025-12-26,4689.8,4736.6,4683,4710,52.3,+1.12%,886,8411
2025-12-24,4680.2,4708.7,4630.8,4657.7,-2.6,-0.06%,539,8270
2025-12-23,4638,4683.2,4621.9,4660.3,37.8,+0.82%,659,8335
2025-12-22,4529.3,4636.5,4529.3,4622.5,84.9,+1.87%,841,8351
2025-12-19,4515,4538.3,4488.9,4537.6,24.7,+0.55%,369,8245
2025-12-18,4505,4557.8,4488,4512.9,-9.9,-0.22%,377,8236
2025-12-17,4480,4529,4480,4522.8,41.9,+0.94%,833,8231
2025-12-16,4484.6,4510.8,4452.3,4480.9,-3.2,-0.07%,505,8188
2025-12-15,4480,4529.3,4465,4484.1,7.8,+0.17%,768,8176
2025-12-12,4450,4531.2,4444.4,4476.3,16.4,+0.37%,759,7950
2025-12-11,4404.8,4463.4,4381.4,4459.9,89.7,+2.05%,530,7843
2025-12-10,4389,4412.1,4361,4370.2,-11.2,-0.26%,3045,7616
2025-12-09,4367.1,4395,4347.2,4381.4,20,+0.46%,932,7821
2025-12-08,4369.9,4389.4,4349.2,4361.4,-24.8,-0.57%,418,7517
2025-12-05,4375,4433.6,4369.7,4386.2,0.7,+0.02%,670,7365
2025-12-04,4387.1,4392,4350,4385.5,8.5,+0.19%,483,7156
2025-12-03,4389.4,4416,4370.9,4377,11.6,+0.27%,774,6982
2025-12-02,4403.4,4405,4339.8,4365.4,-54.,-1.22%,864,6753
2025-12-01,4408.8,4440.4,4386,4419.4,23,+0.52%,1203,6571
2025-11-28,4325.2,4400,4318.4,4396.4,54.2,+1.25%,390,6273
2025-11-26,4315.3,4348,4310,4342.2,26.9,+0.62%,840,6283
2025-11-25,4300.2,4331.2,4283.2,4315.3,49,+1.15%,297,6010
2025-11-24,4228,4300,4209.3,4266.3,15.4,+0.36%,671,5936
2025-11-21,4251.6,4270.8,4194.6,4250.9,14.6,+0.34%,1096,5838
2025-11-20,4269,4284.2,4219.3,4236.3,-24.9,-0.58%,586,5566
2025-11-19,4239.6,4312.5,4237.5,4261.2,17.8,+0.42%,534,5500
2025-11-18,4224,4260,4182.3,4243.4,-10.8,-0.25%,1179,5326
2025-11-17,4273.9,4285.2,4200,4254.2,-18.3,-0.43%,510,5457
2025-11-14,4355.4,4390,4212,4272.5,-104.,-2.38%,1166,5302
2025-11-13,4371.4,4422.5,4329.9,4376.5,-17.2,-0.39%,1423,4972
2025-11-12,4327.2,4394.9,4291.2,4393.7,98,+2.28%,1201,5025
2025-11-11,4304.4,4330.7,4285,4295.7,-6.4,-0.15%,640,4863
2025-11-10,4195.5,4303.4,4195.5,4302.1,114.9,+2.74%,1799,4858
2025-11-07,4176.4,4211.5,4169.8,4187.2,16.4,+0.39%,1673,4271
2025-11-06,4160.3,4207.2,4152.6,4170.8,-3.4,-0.08%,1301,3570
2025-11-05,4121.2,4179.3,4118.7,4174.2,35.1,+0.85%,1494,3304
2025-11-04,4196.5,4196.5,4114.8,4139.1,-55.8,-1.33%,1314,2737
2025-11-03,4172.2,4217.3,4169.3,4194.9,21.1,+0.51%,416,2432
2025-10-31,4234,4235.3,4164.2,4173.8,-21.8,-0.52%,423,2321
2025-10-30,4105,4218.7,4105,4195.6,19.4,+0.46%,564,2297
2025-10-29,4139.9,4213.7,4105,4176.2,22.5,+0.54%,739,2215
2025-10-28,4169.5,4202.1,4091.5,4153.7,-38.5,-0.92%,422,2222
2025-10-27,4277.6,4291.6,4159.4,4192.2,-122.9,-2.85%,451,2155
2025-10-24,4320,4333.7,4235.1,4315.1,-7.7,-0.18%,205,2066
2025-10-23,4288.5,4347.7,4264,4322.8,83.2,+1.96%,221,2065
2025-10-22,4317.6,4342,4202.1,4239.6,-41.9,-0.98%,1099,2050
2025-10-21,4565.3,4567.7,4269.2,4281.5,-259.8,-5.72%,807,1993
2025-10-20,4445,4575.9,4406.7,4541.3,152.4,+3.47%,216,1963
2025-10-17,4530,4572.7,4381.8,4388.9,-96.,-2.14%,314,1948
2025-10-16,4395.7,4521,4394.7,4484.9,104.9,+2.39%,419,1936
2025-10-15,4346.6,4405.7,4346.6,4380,40,+0.92%,320,1997
2025-10-14,4325,4366.6,4294.9,4340,30.6,+0.71%,196,1878
2025-10-13,4203.8,4312.4,4193.3,4309.4,136.4,+3.27%,161,1904
2025-10-10,4171.1,4208.5,4140.4,4173,26.1,+0.63%,385,1893
2025-10-09,4240.8,4256.4,4140,4146.9,-101.5,-2.39%,1754,1842
2025-10-08,4191,4258,4187.9,4248.4,71.4,+1.71%,763,1232
2025-10-07,4155,4185.6,4133.6,4177,33,+0.80%,301,1006
2025-10-06,4077.3,4153.1,4075.8,4144,72.9,+1.79%,76,914
2025-10-03,4047.7,4076.7,4023.2,4071.1,41.3,+1.02%,87,909
2025-10-02,4054.5,4081.2,4005.6,4029.8,-30.9,-0.76%,159,912
2025-10-01,4048.3,4080,4047.8,4060.7,27.8,+0.69%,458,923
2025-09-30,4037,4055,3978.7,4032.9,17.5,+0.44%,219,962
2025-09-29,3953.1,4015.4,3953,4015.4,50.7,+1.28%,184,904
2025-09-26,3930.7,3965.3,3926.4,3964.7,38.2,+0.97%,62,842
2025-09-25,3925,3942.2,3916,3926.5,7.6,+0.19%,54,828
2025-09-24,3941,3952.9,3902,3918.9,-46.4,-1.17%,63,822
2025-09-23,3964.5,3967.5,3950,3965.3,42.1,+1.07%,352,819
2025-09-22,3885.1,3923.2,3885.1,3923.2,70.7,+1.84%,293,631
2025-09-19,3819.9,3852.5,3819.9,3852.5,28.4,+0.74%,103,527
2025-09-18,3850,3850.9,3806.5,3824.1,-41.2,-1.07%,105,489
2025-09-17,3875,3885,3830.1,3865.3,-7.,-0.18%,38,453
2025-09-16,3863.4,3883,3863.4,3872.3,6.6,+0.17%,126,451
2025-09-15,3824,3867.8,3824,3865.7,33.4,+0.87%,138,360
2025-09-12,3828.2,3840,3826.5,3832.3,13.3,+0.35%,223,317
2025-09-11,3811,3825,3800,3819,-8.9,-0.23%,22,234
2025-09-10,3821,3841,3821,3827.9,0,0.00%,65,226
2025-09-09,3833.7,3834.6,3816.8,3827.9,4.8,+0.13%,28,216
2025-09-08,3777.6,3823.1,3770,3823.1,21.7,+0.57%,45,217
2025-09-05,3787.6,3801.4,3785.6,3801.4,46.1,+1.23%,60,198
2025-09-04,3753,3756.4,3734.9,3755.3,-29.,-0.77%,26,195
2025-09-03,3750,3784.3,3750,3784.3,44,+1.18%,84,193
2025-09-02,3664,3750,3664,3740.3,77.6,+2.12%,70,188
2025-08-29,3613.2,3662.7,3613.2,3662.7,43.3,+1.20%,21,180
2025-08-28,3610,3619.4,3605,3619.4,24.1,+0.67%,11,180
2025-08-27,3579,3595.3,3579,3595.3,19.1,+0.53%,15,178
2025-08-26,3551,3576.2,3543.3,3576.2,17.3,+0.49%,24,175
2025-08-25,3552.1,3558.9,3551.7,3558.9,-0.7,-0.02%,3,176
2025-08-22,3518.1,3562,3508,3559.6,36.7,+1.04%,31,176
2025-08-21,3529.8,3529.8,3522.9,3522.9,-6.5,-0.18%,8,182
2025-08-20,3530,3530,3529.4,3529.4,31.2,+0.89%,2,181
2025-08-19,3500,3500,3498.2,3498.2,-19.7,-0.56%,12,181
2025-08-18,3530,3530,3517.9,3517.9,-5.8,-0.16%,17,176
2025-08-15,3525,3525,3523.7,3523.7,-2.,-0.06%,3,176
2025-08-14,3535,3535,3525.7,3525.7,-26.5,-0.75%,13,174
2025-08-13,3552.2,3552.2,3552.2,3552.2,9.3,+0.26%,16,168
2025-08-12,3542,3544,3535,3542.9,-7.6,-0.21%,76,161
2025-08-11,3544,3550.5,3543,3550.5,-70.9,-1.96%,12,146
2025-08-08,3614.2,3621.4,3614.2,3621.4,34.2,+0.95%,109,144
2025-08-07,3587.2,3600,3587.2,3587.2,14.8,+0.41%,93,119
2025-08-06,3572.4,3572.4,3572.4,3572.4,-2.2,-0.06%,26,125
2025-08-05,3574.6,3574.6,3574.6,3574.6,9.1,+0.26%,0,123
2025-08-04,3550.8,3565.5,3550.8,3565.5,25.9,+0.73%,28,123
2025-08-01,3538,3553,3538,3539.6,47.1,+1.35%,28,123
2025-07-31,3470.7,3492.5,3470.7,3492.5,-3.1,-0.09%,26,123
2025-07-30,3528,3528.9,3469.9,3495.6,-28.8,-0.82%,11,114
2025-07-29,3518,3524.4,3518,3524.4,14.5,+0.41%,11,115
2025-07-28,3508.2,3509.9,3508.2,3509.9,-24.7,-0.70%,34,121
2025-07-25,3547.8,3551.9,3534.6,3534.6,-42.,-1.17%,8,122
2025-07-24,3570.3,3576.6,3570.3,3576.6,-23.3,-0.65%,10,122
2025-07-23,3647,3647,3599.9,3599.9,-49.8,-1.36%,6,126
2025-07-22,3615.8,3649.7,3615.8,3649.7,40.6,+1.12%,13,127
2025-07-21,3582,3616,3582,3609.1,51.3,+1.44%,4,126
2025-07-18,3557.8,3557.8,3557.8,3557.8,13,+0.37%,0,126
2025-07-17,3531.6,3544.8,3530.2,3544.8,-13.3,-0.37%,6,126
2025-07-16,3545.1,3558.1,3541.8,3558.1,21.1,+0.60%,4,125
2025-07-15,3555.1,3566,3534,3537,-22.6,-0.63%,7,125
2025-07-14,3581,3582,3559.6,3559.6,-2.6,-0.07%,4,126
2025-07-11,3566,3566,3562.2,3562.2,36.6,+1.04%,5,128
2025-07-10,3536.7,3536.7,3525.6,3525.6,5.9,+0.17%,21,131
2025-07-09,3519.7,3519.7,3519.7,3519.7,2.4,+0.07%,2,127
2025-07-08,3505.2,3517.3,3505.2,3517.3,-24.,-0.68%,6,128
2025-07-07,3511.9,3541.3,3511.9,3541.3,-0.6,-0.02%,69,127
2025-07-03,3556.2,3556.2,3537.6,3541.9,-15.8,-0.44%,13,106
2025-07-02,3558.1,3558.1,3557.7,3557.7,11.2,+0.32%,8,105
2025-07-01,3521.4,3561,3520,3546.5,43,+1.23%,8,101
2025-06-30,3489,3513.8,3489,3503.5,20.2,+0.58%,20,100
2025-06-27,3483.3,3483.3,3483.3,3483.3,-62.9,-1.77%,62,94
2025-06-26,3545.1,3546.2,3545.1,3546.2,4.5,+0.13%,1,94
2025-06-25,3540,3545,3540,3541.7,9.6,+0.27%,31,94
2025-06-24,3507,3532.1,3507,3532.1,-61.4,-1.71%,21,83
2025-06-23,3593,3597,3593,3593.5,8.6,+0.24%,2,82
2025-06-20,3591.6,3591.6,3564.5,3584.9,-22.2,-0.62%,3,82
2025-06-18,3611.6,3611.6,3593.1,3607.1,0,0.00%,7,82
2025-06-17,3621.4,3621.4,3601,3607.1,-9.2,-0.25%,9,84
2025-06-16,3655,3658.2,3614.3,3616.3,-36.1,-0.99%,10,81
2025-06-13,3631.7,3660,3631.7,3652.4,52.7,+1.46%,9,78
2025-06-12,3587.1,3599.7,3571.3,3599.7,56.9,+1.61%,10,75
2025-06-11,3561.5,3561.5,3542.8,3542.8,-0.5,-0.01%,1,78
2025-06-10,3543.3,3543.3,3543.3,3543.3,-11.5,-0.32%,0,77
2025-06-09,3534.1,3554.8,3534.1,3554.8,8.5,+0.24%,4,77
2025-06-06,3584.2,3588,3546.3,3546.3,-28.3,-0.79%,3,76
2025-06-05,3603.2,3603.2,3574.6,3574.6,-26.7,-0.74%,16,75
2025-06-04,3600,3601.3,3600,3601.3,21.4,+0.60%,1,70
2025-06-03,3607.6,3607.6,3579.9,3579.9,-17.1,-0.48%,2,69
2025-06-02,3545.1,3602,3545.1,3597,83.9,+2.39%,5,68
2025-05-30,3513.1,3513.1,3513.1,3513.1,-29.2,-0.82%,1,71
2025-05-29,3477.7,3542.3,3477.7,3542.3,18.1,+0.51%,8,72
2025-05-28,3550,3552.2,3520,3524.2,-7.4,-0.21%,5,71
2025-05-27,3535,3536.9,3521,3531.6,-63.9,-1.78%,6,70
2025-05-23,3584,3595.5,3584,3595.5,73.4,+2.08%,4,68
2025-05-22,3522.1,3522.1,3522.1,3522.1,-18.,-0.51%,0,67
2025-05-21,3528.1,3550.1,3528.1,3540.1,31.7,+0.90%,13,67
2025-05-20,3511,3511,3508.4,3508.4,50.2,+1.45%,2,61
2025-05-19,3458.2,3458.2,3458.2,3458.2,48.2,+1.41%,0,62
2025-05-16,3410,3410,3410,3410,-40.7,-1.18%,1,62
2025-05-15,3407.7,3450.7,3374.7,3450.7,36.9,+1.08%,3,62
2025-05-14,3410,3413.8,3400,3413.8,-62.3,-1.79%,5,61
2025-05-13,3476.1,3476.1,3476.1,3476.1,21.2,+0.61%,0,62
2025-05-12,3451.9,3456.3,3451.9,3454.9,-115.7,-3.24%,9,62
2025-05-09,3563.3,3570.6,3516.1,3570.6,38,+1.08%,4,59
2025-05-08,3565,3591.3,3530,3532.6,-87.,-2.40%,5,62
2025-05-07,3615,3619.6,3615,3619.6,-30.4,-0.83%,3,62
2025-05-06,3652.1,3652.1,3650,3650,103.8,+2.93%,3,61
2025-05-05,3486,3546.2,3486,3546.2,82.2,+2.37%,10,61
2025-05-02,3480.3,3480.3,3461.8,3464,21.8,+0.63%,8,59
2025-05-01,3458.7,3472,3442.2,3442.2,-98.,-2.77%,87,63
2025-04-30,3539.4,3540.6,3539.4,3540.2,-17.4,-0.49%,2,50
2025-04-29,3539.5,3557.6,3539.5,3557.6,-15.6,-0.44%,1,48
2025-04-28,3547,3573.2,3547,3573.2,50,+1.42%,2,48
2025-04-25,3523.2,3523.2,3523.2,3523.2,-51.5,-1.44%,0,50
2025-04-24,3570.8,3574.7,3570.8,3574.7,56.7,+1.61%,2,50
2025-04-23,3600,3600,3518,3518,-127.,-3.48%,5,52
2025-04-22,3719,3720.1,3645,3645,-2.7,-0.07%,14,51
2025-04-21,3657.6,3658,3647.7,3647.7,100.2,+2.82%,1,50
2025-04-17,3520.3,3553.9,3520.3,3547.5,-18.5,-0.52%,3,50
2025-04-16,3507.4,3566,3507.4,3566,110.7,+3.20%,3,50
2025-04-15,3458.7,3459.6,3451.8,3455.3,14.5,+0.42%,6,49
2025-04-14,3453.6,3453.6,3440.8,3440.8,-18.5,-0.53%,2,51
2025-04-11,3415.6,3470,3415.6,3459.3,75.2,+2.22%,37,51
2025-04-10,3300,3390.1,3300,3384.1,100.3,+3.05%,12,38
2025-04-09,3197,3315.1,3190.5,3283.8,97.3,+3.05%,23,38
2025-04-08,3210.4,3210.4,3186.5,3186.5,18.3,+0.58%,5,41
2025-04-07,3198.5,3225,3168.2,3168.2,-61.2,-1.90%,14,42
2025-04-04,3308.2,3341.1,3229.4,3229.4,-91.7,-2.76%,11,35
2025-04-03,3367.8,3377.5,3310,3321.1,-46.5,-1.38%,11,33
2025-04-02,3350,3372.1,3342.9,3367.6,21.8,+0.65%,2,33
2025-04-01,3360,3360,3342.9,3345.8,-4.4,-0.13%,6,33
2025-03-31,3318,3350.2,3318,3350.2,37,+1.12%,15,33
2025-03-28,3313.2,3313.2,3313.2,3313.2,23.8,+0.72%,0,34
2025-03-27,3290.4,3290.4,3289.4,3289.4,37.6,+1.16%,1,34
2025-03-26,3251.8,3251.8,3251.8,3251.8,-3.6,-0.11%,0,35
2025-03-25,3255.4,3255.4,3255.4,3255.4,11,+0.34%,0,35
2025-03-24,3244.4,3244.4,3244.4,3244.4,-6.1,-0.19%,0,35
2025-03-21,3250.5,3250.5,3250.5,3250.5,-27.,-0.82%,0,35
2025-03-20,3294.2,3294.4,3274.8,3277.5,1.4,+0.04%,5,35
2025-03-19,3276.1,3276.1,3276.1,3276.1,0.9,+0.03%,2,32
2025-03-18,3275.2,3275.2,3275.2,3275.2,38.1,+1.18%,1,32
2025-03-17,3237.1,3237.1,3237.1,3237.1,5.2,+0.16%,1,32
2025-03-14,3231.9,3231.9,3231.9,3231.9,9.4,+0.29%,1,33
2025-03-13,3222.5,3222.5,3222.5,3222.5,45,+1.42%,1,34
2025-03-12,3177.5,3177.5,3177.5,3177.5,24.6,+0.78%,0,34
2025-03-11,3130.8,3152.9,3130.8,3152.9,22.1,+0.71%,1,34
2025-03-10,3130.8,3130.8,3130.8,3130.8,-16.5,-0.52%,2,34
2025-03-07,3169.1,3169.1,3147.3,3147.3,-13.8,-0.44%,1,34
2025-03-06,3161.1,3161.1,3161.1,3161.1,0.5,+0.02%,0,35
2025-03-05,3160.6,3160.6,3160.6,3160.6,4.8,+0.15%,0,35
2025-03-04,3155.8,3155.8,3155.8,3155.8,18.8,+0.60%,0,35
2025-03-03,3137,3137,3137,3137,54.1,+1.75%,0,35
2025-02-28,3115,3115,3082.9,3082.9,-48.9,-1.56%,1,35
2025-02-27,3131.8,3131.8,3131.8,3131.8,-34.8,-1.10%,0,34
2025-02-26,3166.6,3166.6,3166.6,3166.6,11,+0.35%,0,34
2025-02-25,3155.6,3155.6,3155.6,3155.6,-44.9,-1.40%,0,34
2025-02-24,3200.5,3200.5,3200.5,3200.5,12,+0.38%,0,34
2025-02-21,3188.5,3188.5,3188.5,3188.5,-3.5,-0.11%,0,34
2025-02-20,3192,3192,3192,3192,20.4,+0.64%,0,34
2025-02-19,3171.6,3171.6,3171.6,3171.6,-17.3,-0.54%,0,34
2025-02-18,3188.9,3188.9,3188.9,3188.9,48.4,+1.54%,0,34
2025-02-14,3150,3150,3140.5,3140.5,-47.8,-1.50%,1,34
2025-02-13,3188.3,3188.3,3188.3,3188.3,16.3,+0.51%,0,33
2025-02-12,3172,3172,3172,3172,0.2,+0.01%,0,33
2025-02-11,3171.8,3171.8,3171.8,3171.8,4.7,+0.15%,1,33
2025-02-10,3167.1,3167.1,3167.1,3167.1,51,+1.64%,2,32
2025-02-07,3116.1,3116.1,3116.1,3116.1,15.9,+0.51%,1,32
2025-02-06,3100.2,3100.2,3100.2,3100.2,-12.7,-0.41%,0,31
2025-02-05,3112.9,3112.9,3112.9,3112.9,18.4,+0.59%,0,31
2025-02-04,3094.5,3094.5,3094.5,3094.5,20.7,+0.67%,0,31
2025-02-03,3073.8,3073.8,3073.8,3073.8,19.4,+0.64%,0,31
2025-01-31,3054.4,3054.4,3054.4,3054.4,-11.9,-0.39%,0,31
2025-01-30,3066.3,3066.3,3066.3,3066.3,51.4,+1.70%,0,31
2025-01-29,3014.9,3014.9,3014.9,3014.9,-6.3,-0.21%,0,31
2025-01-28,3021.2,3021.2,3021.2,3021.2,34,+1.14%,1,31
2025-01-27,2987.2,2987.2,2987.2,2987.2,-38.9,-1.29%,0,31
2025-01-24,3026.1,3026.1,3026.1,3026.1,15.8,+0.52%,1,31
2025-01-23,3010.3,3010.3,3010.3,3010.3,-5.5,-0.18%,0,31
2025-01-22,3003,3015.8,3003,3015.8,12.1,+0.40%,2,31
2025-01-21,3003.7,3003.7,3003.7,3003.7,13,+0.43%,0,33
2025-01-17,2990,2990.7,2990,2990.7,-1.2,-0.04%,2,33
2025-01-16,2965,3000,2965,2991.9,35.2,+1.19%,9,31
2025-01-15,2956.7,2956.7,2956.7,2956.7,35.8,+1.23%,0,31
2025-01-14,2920.9,2920.9,2920.9,2920.9,6.7,+0.23%,2,31
2025-01-13,2914.2,2914.2,2914.2,2914.2,-39.4,-1.33%,0,33
2025-01-10,2953.6,2953.6,2953.6,2953.6,25,+0.85%,0,33
2025-01-09,2928.6,2928.6,2928.6,2928.6,18.4,+0.63%,0,33
2025-01-08,2910.2,2910.2,2910.2,2910.2,9.2,+0.32%,0,33
2025-01-07,2901,2901,2901,2901,19.2,+0.67%,0,33
2025-01-06,2881.8,2881.8,2881.8,2881.8,-8.7,-0.30%,0,33
2025-01-03,2890.5,2890.5,2890.5,2890.5,-18.4,-0.63%,1,33
2025-01-02,2908.9,2908.9,2908.9,2908.9,22.8,+0.79%,1,34
2024-12-31,2886.1,2886.1,2886.1,2886.1,29.9,+1.05%,1,34
2024-12-30,2856.2,2856.2,2856.2,2856.2,-7.4,-0.26%,0,35
2024-12-27,2863.6,2863.6,2863.6,2863.6,-19.2,-0.67%,0,35
2024-12-26,2882.8,2882.8,2882.8,2882.8,22,+0.77%,3,35
2024-12-24,2860.8,2860.8,2860.8,2860.8,10.1,+0.35%,0,37
2024-12-23,2850.7,2850.7,2850.7,2850.7,-15.2,-0.53%,0,37
2024-12-20,2865.9,2865.9,2865.9,2865.9,36,+1.27%,0,37
2024-12-19,2829.9,2829.9,2829.9,2829.9,-41.7,-1.45%,2,37
2024-12-18,2871.6,2871.6,2871.6,2871.6,-6.,-0.21%,0,37
2024-12-17,2877.6,2877.6,2877.6,2877.6,-6.3,-0.22%,2,37
2024-12-16,2883.9,2883.9,2883.9,2883.9,-5.4,-0.19%,0,39
2024-12-13,2895,2895,2889.3,2889.3,-32.5,-1.11%,1,39
2024-12-12,2918,2921.8,2918,2921.8,-43.3,-1.46%,2,39
2024-12-11,2965.1,2965.1,2965.1,2965.1,35.6,+1.22%,0,40
2024-12-10,2929.5,2929.5,2929.5,2929.5,32.5,+1.12%,0,40
2024-12-09,2854,2900,2854,2897,30.6,+1.07%,6,40
2024-12-06,2866.4,2866.4,2866.4,2866.4,9.4,+0.33%,0,41
2024-12-05,2857,2857,2857,2857,-28.9,-1.00%,0,41
2024-12-04,2885.9,2885.9,2885.9,2885.9,7.1,+0.25%,0,41
2024-12-03,2878.8,2878.8,2878.8,2878.8,7.7,+0.27%,1,41
2024-12-02,2871.1,2871.1,2871.1,2871.1,-19.3,-0.67%,0,42
2024-11-29,2890.4,2890.4,2890.4,2890.4,15.2,+0.53%,9,42
2024-11-27,2875.2,2875.2,2875.2,2875.2,14.4,+0.50%,3,45
2024-11-26,2860.8,2860.8,2860.8,2860.8,3.7,+0.13%,0,45
2024-11-25,2857.1,2857.1,2857.1,2857.1,-97.6,-3.30%,0,45
2024-11-22,2954.7,2954.7,2954.7,2954.7,41.6,+1.43%,3,45
2024-11-21,2913.1,2913.1,2913.1,2913.1,24.6,+0.85%,1,43
2024-11-20,2888.5,2888.5,2888.5,2888.5,22.8,+0.80%,0,43
2024-11-19,2865.7,2865.7,2865.7,2865.7,16.2,+0.57%,0,43
2024-11-18,2849.5,2849.5,2849.5,2849.5,46.8,+1.67%,0,43
2024-11-15,2802.7,2802.7,2802.7,2802.7,-2.8,-0.10%,0,43
2024-11-14,2810,2810,2805.5,2805.5,-14.4,-0.51%,1,43
2024-11-13,2819.9,2819.9,2819.9,2819.9,-22.4,-0.79%,0,43
2024-11-12,2842.3,2842.3,2842.3,2842.3,-11.4,-0.40%,0,43
2024-11-11,2900,2900,2853.7,2853.7,-79.1,-2.70%,2,43
2024-11-08,2932.8,2932.8,2932.8,2932.8,-11.2,-0.38%,0,43
2024-11-07,2944,2944,2944,2944,29.9,+1.03%,0,43
2024-11-06,2914.1,2914.1,2914.1,2914.1,-74.,-2.48%,2,43
2024-11-05,2988.1,2988.1,2988.1,2988.1,6.5,+0.22%,3,43
2024-11-04,2981.6,2981.6,2981.6,2981.6,-2.1,-0.07%,0,40
2024-11-01,2987.6,2987.6,2983.7,2983.7,-1.1,-0.04%,4,40
2024-10-31,2997.6,2997.6,2984.8,2984.8,-51.2,-1.69%,14,40
2024-10-30,3036,3036,3036,3036,24.6,+0.82%,11,39
2024-10-29,3000,3011.4,3000,3011.4,25,+0.84%,1,35
2024-10-28,2986.4,2986.4,2986.4,2986.4,3.6,+0.12%,0,34
2024-10-25,2982.8,2982.8,2982.8,2982.8,5.6,+0.19%,0,34
2024-10-24,2977.2,2977.2,2977.2,2977.2,19.6,+0.66%,0,34
2024-10-23,2957.6,2957.6,2957.6,2957.6,-27.2,-0.91%,3,34
2024-10-22,2982.1,2984.8,2982.1,2984.8,23.6,+0.80%,3,31
2024-10-21,2961.2,2961.2,2961.2,2961.2,10.8,+0.37%,1,30
2024-10-18,2950.4,2950.4,2950.4,2950.4,24.2,+0.83%,1,30
2024-10-17,2926.2,2926.2,2926.2,2926.2,16.5,+0.57%,0,30
2024-10-16,2909.7,2909.7,2909.7,2909.7,13.2,+0.46%,0,30
2024-10-15,2896.5,2896.5,2896.5,2896.5,12.8,+0.44%,0,30
2024-10-14,2883.7,2883.7,2883.7,2883.7,-9.1,-0.31%,0,30
2024-10-11,2892.8,2892.8,2892.8,2892.8,36.6,+1.28%,0,30
2024-10-10,2856.2,2856.2,2856.2,2856.2,16.2,+0.57%,0,30
2024-10-09,2840,2840,2840,2840,-8.4,-0.29%,0,30
2024-10-08,2848.4,2848.4,2848.4,2848.4,-32.2,-1.12%,0,30
2024-10-07,2880.6,2880.6,2880.6,2880.6,1.8,+0.06%,0,30
2024-10-04,2878.8,2878.8,2878.8,2878.8,-3.9,-0.14%,0,30
2024-10-03,2882.7,2882.7,2882.7,2882.7,9.8,+0.34%,0,30
2024-10-02,2890,2890,2872.9,2872.9,-15.7,-0.54%,5,30
2024-10-01,2888.6,2888.6,2888.6,2888.6,32.3,+1.13%,0,30
2024-09-30,2860.6,2860.6,2856.3,2856.3,-6.9,-0.24%,2,30
2024-09-27,2890.5,2890.5,2863.2,2863.2,-28.2,-0.98%,2,30
2024-09-26,2891.4,2891.4,2891.4,2891.4,11.9,+0.41%,0,30
2024-09-25,2879.5,2879.5,2879.5,2879.5,7.8,+0.27%,0,30
2024-09-24,2871.7,2871.7,2871.7,2871.7,27.9,+0.98%,0,30
2024-09-23,2843.8,2843.8,2843.8,2843.8,6.3,+0.22%,0,30
2024-09-20,2837.5,2837.5,2837.5,2837.5,33.2,+1.18%,0,30
2024-09-19,2804.3,2804.3,2804.3,2804.3,15.7,+0.56%,0,30
2024-09-18,2788.6,2788.6,2788.6,2788.6,7,+0.25%,0,30
2024-09-17,2781.6,2781.6,2781.6,2781.6,-15.8,-0.56%,0,30
"Downloaded from Barchart.com as of 10-10-2026 08:19am CDT"
