Symbol,Name,"Wtd Alpha","Wtd. Alpha Change","# of Stocks"
" -TOP","Sectors Top 100 Stocks",+195.36,6.4,100
" -OIRM","Oil - Refining and Marketing",+108.13,-7.31,13
" -TRSE","Transportation - Ship",+68.56,-5.3,52
" -SAMI","Semi Analog & Mixed",+66.47,1.12,10
" -COIS","Computer - Integrated Systems",+64.53,1.3,12
" -SAPK","Indices S&P 500 Information Tech",+62.42,2.42,75
" -EENR","ETFS - Energy",+59.01,-0.1,10
" -SAPE","Indices S&P 500 Energies",+52.48,-1.19,22
" -COCS","Communications Components",+44.43,4.42,16
" -OIII","Oil - International Integrated",+37.79,-0.14,18
" -EGEN","ETFS - Commodities General",+35.38,0.22,14
" -ETEK","ETFS - Technology",+33.76,1.94,37
" -INO","Indices Nasdaq 100",+33.04,1.19,101
" -ELSI","Electronics - Semiconductors",+31.40,2.03,53
" -EBIO","ETFS - Biotech",+31.15,3.95,19
" -EPOW","ETFS - Power",+30.66,-0.18,22
" -STAF",Staffing,+30.47,-3.91,12
" -MEPF","Metal Production & Fabrication",+28.26,1.4,11
" -FISL","Finance - Savings & Loan",+27.69,-1.68,28
" -BKNW","Banks - Northeast",+27.23,-2.04,97
" -SAPT","Indices S&P 500 Growth",+27.23,2.2,151
" -SAPV","Indices S&P 500 Health Care",+27.13,3.45,61
" -MEOH","Medical - Outpatient & Hm Care",+26.45,1.94,14
" -ISO","Indices S&P 100",+25.68,0.33,102
" -OIPP","Oil - Production & Pipeline",+24.49,-0.27,10
" -TRTR","Transportation - Truck",+23.71,-1.28,13
" -BKFG","Banks - Foreign",+23.32,0.76,38
" -STPR","Steel - Producers",+22.47,3.95,12
" -ECOM","ETFS - Commodities",+21.82,1.11,21
" -BKSE","Banks - Southeast",+20.52,-1.82,65
" -OIUI","Oil - US Integrated",+19.82,-0.49,17
" -OIME","Oil Field Machinery & Equip",+19.68,2.09,16
" -ENAT","ETFS - Natural Resources",+19.08,0.43,31
" -OIUE","Oil - US Exploration & Product",+19.05,0.06,41
" -BKMW","Banks - Midwest",+18.72,-1.7,29
" -NASC","Indices Nasdaq Composite",+18.33,1.73,993
" -SAPG","Indices S&P 500 ESG",+17.71,0.92,324
" -ELMC","Electronics - Misc Components",+15.75,1.26,28
" -ISFI","Indices S&P 500",+15.40,0.96,502
" -ELRG","ETFS - Large Cap",+15.10,0.69,169
" -ISSI","Indices S&P 600",+15.00,0.22,600
" -EEMR","ETFS - Emerging Markets",+14.22,1.5,63
" -EMUL","ETFS - Multi Cap",+13.82,0.92,13
" -OIUR","Oil - US Royalty Trusts",+13.71,-0.14,10
" -IDI","Indices Industrials",+13.69,1.23,31
" -ESML","ETFS - Small Cap",+13.08,0.74,65
" -EMID","ETFS - Mid Cap",+12.76,0.73,52
" -EMGT","ETFS - Managed ETFS",+12.32,0.91,82
" -INLI","Insurance - Life",+12.09,-0.97,14
" -BKWT","Banks - West",+11.73,-2.35,32
" -COPP","Containers - Paper Products",+11.38,2.81,10
" -FICL","Finance - Consumer Loans",+11.31,-1.04,14
" -SAPS","Indices S&P 500 Value",+11.31,0.74,433
" -RUSH","Indices Russell 3000",+11.26,0.7,2568
" -FIIB","Finance - Investment Brokers",+11.01,0.41,23
" -BKSW","Banks - Southwest",+10.69,-1.41,22
" -MEDS","Medical - Dental Suppliers",+10.68,0.28,13
" -ISFO","Indices S&P 400",+10.59,0.57,401
" -RUSO","Indices Russell 1000",+10.41,0.92,1019
" -EINT","ETFS - International",+10.01,1.03,201
" -RUST","Indices Russell 2000",+9.71,0.53,1934
" -EMAT","ETFS - Materials",+8.84,2.51,20
" -SAPB","Indices S&P 500 Materials",+8.39,0.01,26
" -EMET","ETFS - Metals",+8.35,2.95,10
" -OIFS","Oil - Field Services",+8.04,0.24,20
" -EEUR","ETFS - Europe",+7.84,0.82,41
" -INPC","Insurance - Proprty & Casualty",+7.46,-0.98,45
" -TRSH","Transportation - Services",+7.39,0.05,30
" -SAPI","Indices S&P 500 Industrials",+7.11,0.63,84
" -EASA","ETFS - Asia",+7.09,1.58,48
" -EIND","ETFS - Industrials",+6.80,0.59,15
" -MESE","Medical Services",+6.24,1.47,65
" -MEGD","Medical - Generic Drugs",+6.18,-3.78,11
" -REAS","Retail - Apparel & Shoes",+5.99,1.38,36
" -BEVS","Beverages - Soft",+5.34,1.1,20
" -MAGI","Machinery - General Industrial",+4.67,1.38,43
" -EFIN","ETFS - Financial Services",+3.61,0.28,26
" -SAPF","Indices S&P 500 Financials",+3.58,0.16,77
" -CHED","Chemical - Diversified",+3.41,-2.52,26
" -IISS","Internet Software Services",+3.30,0.55,14
" -SAPP","Indices S&P 500 Consumer Staples",+3.26,-0.27,34
" -LERS","Leisure & Recreation Services",+3.03,1.29,35
" -EINC","ETFS - Income",+2.80,0.25,133
" -MISI","Mining - Silver",+2.53,3.66,10
" -FTSS","Financial Transaction Services",+1.53,1.54,36
" -EPMT","ETFS - Precious Metals",+1.22,3.08,22
" -ESCD","ETFS - Consumer Discretion",+1.09,0.28,20
" -RETT","REIT - Equity Trust Retail",+1.03,0.28,21
" -ECUR","ETFS - Currency",+0.27,0.07,10
" -MAEL","Machinery - Electrical",+0.10,0.85,10
" -RETO","REIT - Equity Trust Other",-0.14,0.52,98
" -CHES","Chemical - Specialty",-0.19,-1.47,37
" -MIGL","Mining - Gold",-0.29,3.31,41
" -HOMO","Hotels & Motels",-0.58,1.07,12
" -MEIN","Medical Instruments",-0.67,1.94,69
" -TEAP","Textile - Apparel",-0.81,-0.11,22
" -REHF","Retail - Home Furniture",-1.09,0.56,13
" -INML","Insurance - Multi Line",-1.17,-1.28,41
" -CPMD","Consumer Prdts - Misc Discr",-1.44,1.04,26
" -UTWS","Utility - Water Supply",-2.10,0.37,12
" -MEIS","Medical Information Systems",-2.67,3.66,46
" -EMIX","ETFS - Mixed Asset",-2.69,0.23,16
" -SHRA","Shoes and Related Apparel",-2.80,-0.67,10
" -SAPR","Indices S&P 500 Real Estate",-3.86,1.95,31
" -ERES","ETFS - Real Estate",-4.07,1.02,23
" -AERE","Aerospace - Defense Equipment",-4.33,0.96,40
" -RERE","Retail - Restaurants",-4.59,0.02,47
" -MEDI","Media Conglomerates",-4.63,-0.9,28
" -EUTL","ETFS - Utilities",-5.03,0.85,10
" -EBND","ETFS - Bonds",-5.43,0.12,140
" -UTEP","Utility - Electric Power",-5.75,0.39,55
" -SAPY","Indices S&P 500 Consumer Discret",-6.07,0.14,48
" -ENTX","ETFS - Non-Taxable Bonds",-6.33,0.43,18
" -FIIM","Finance - Investment Mgmt",-6.34,0.08,48
" -SAPL","Indices S&P 500 Telcomm",-6.72,-2.27,22
" -MEBI","Medical - Biomedical",-7.22,2.79,442
" -ITSO","Internet - Software",-7.23,2.72,194
" -FIIF","Finance - Investment Funds",-7.46,1.11,115
" -REMD","Retail - Misc & Diversified",-7.61,0.12,12
" -UTGD","Utility - Gas Distribution",-8.07,0.11,11
" -BEVA","Beverages - Alcohol",-8.24,0.66,13
" -SAPU","Indices S&P 500 Utilities",-8.67,0.74,32
" -ETAX","ETFS - Taxable Bonds",-8.90,0.01,24
" -TRAI","Transportation - Airline",-9.17,-0.11,19
" -WIEQ","Wireless Equipment",-9.24,1.09,15
" -TREL","Transportation - Equip & Lease",-9.33,1.45,10
" -COSL",Consulting,-10.11,0.54,14
" -MEPD","Medical Products",-10.36,1.97,78
" -REWT","Retail - Wsale Auto & Trucks",-10.42,-0.99,10
" -RETR","REIT - Equity Trust Resident",-11.44,0.86,22
" -BUIM","Building Products - Wood",-11.53,-0.09,12
" -MIMS","Mining - Misc",-12.18,3.79,69
" -BUCM","Building & Construction - Misc",-12.35,-0.56,32
" -COSO","Computer - Software",-13.01,1,22
" -BUSI","Building - Residential & Comm",-13.09,-1.56,18
" -DVCS","Diversified Comm Services",-13.10,-3.04,12
" -FISC","Finance - Sbic & Commercial",-13.64,-0.88,40
" -FOMD","Food - Misc & Diversified",-14.88,-0.62,42
" -MEDR","Medical - Drugs",-15.54,1.85,136
" -AUTO","Auto - Truck Original Parts",-15.58,1.76,50
" -SCHO",Schools,-15.82,0.87,27
" -ELPM","Electronics Products - Misc",-15.93,-0.07,40
" -ENRD","Engineering & R&D Services",-16.08,0,22
" -BUSS","Business Services",-16.76,0.4,30
" -REED","Real Estate Developers",-16.86,-0.19,14
" -BUWO","Business Information",-17.70,0.47,10
" -ITCO","Internet - Content",-18.28,1.32,20
" -ITSE","Internet - Services",-18.76,1.24,32
" -LERP","Leisure & Recreational Prdcts",-19.15,-0.4,23
" -FIMS","Finance - Misc Services",-19.16,0.28,144
" -INDS","Industrial Services",-20.49,-0.05,16
" -ADMS","Advertising Marketing Services",-20.84,-0.46,25
" -BRDR","Broadcast - Radio & TV",-21.05,-0.83,24
" -AGRO","Agriculture Operations",-21.08,-0.89,20
" -WINA","Wireless National",-21.82,-8.17,15
" -CPMS","Consumer Prdts - Misc Staple",-21.83,0.61,35
" -OALE","Other Alt Energy",-22.23,0.61,61
" -WARS","Waste Removal Svcs",-24.17,-2.06,26
" -REEO","Real Estate Operations",-25.99,-0.46,42
" -INBR","Insurance - Brokers",-27.07,-0.63,11
" -CODO","Conglomerates - Div Operations",-27.10,0.7,29
" -PRSA","Protection - Safety",-27.38,3.21,23
" -AUTD","Auto - Domestic",-29.17,-0.07,23
" -ITSS","IT Services",-30.04,0.81,58
" -INCM","Internet Commerce",-31.01,0.76,42
" -GAMI",Gaming,-31.63,-0.03,42
" -REMT","REIT - Mortgage Trusts",-33.85,-1.,30
" -TESV","Technology Services",-34.23,0.39,174
" -AERD","Aerospace - Defense",-37.15,0.13,38
" -FIMR","Finance - Mortgage & Rel Svs",-47.05,-1.43,12
" -SOLA",Solar,-48.46,0.6,16
" -AUTF","Auto - Foreign",-53.48,-0.15,11
" -BOT","Sectors Bottom 100 Stocks",-95.96,0.08,100
"Downloaded from Barchart.com as of 10-10-2026 08:20am CDT"
